waterLevel,Month,buildingsImpacted,matchString
74,1,0.741,74_1
74,10,0.512,74_10
74,11,1.299,74_11
74,12,0.804,74_12
74,2,0.438,74_2
74,3,0.234,74_3
74,4,0.028,74_4
74,5,0,74_5
74,6,0,74_6
74,7,0,74_7
74,8,0,74_8
74,9,0.01,74_9
74.01,1,1.595,74.01_1
74.01,10,1.052,74.01_10
74.01,11,2.687,74.01_11
74.01,12,1.718,74.01_12
74.01,2,0.976,74.01_2
74.01,3,0.558,74.01_3
74.01,4,0.099,74.01_4
74.01,5,0.008,74.01_5
74.01,6,0.004,74.01_6
74.01,7,0.001,74.01_7
74.01,8,0.001,74.01_8
74.01,9,0.031,74.01_9
74.02,1,2.561,74.02_1
74.02,10,1.62,74.02_10
74.02,11,4.163,74.02_11
74.02,12,2.741,74.02_12
74.02,2,1.614,74.02_2
74.02,3,0.972,74.02_3
74.02,4,0.211,74.02_4
74.02,5,0.023,74.02_5
74.02,6,0.011,74.02_6
74.02,7,0.003,74.02_7
74.02,8,0.004,74.02_8
74.02,9,0.064,74.02_9
74.03,1,3.64,74.03_1
74.03,10,2.216,74.03_10
74.03,11,5.727,74.03_11
74.03,12,3.874,74.03_12
74.03,2,2.351,74.03_2
74.03,3,1.476,74.03_3
74.03,4,0.365,74.03_4
74.03,5,0.046,74.03_5
74.03,6,0.022,74.03_6
74.03,7,0.006,74.03_7
74.03,8,0.008,74.03_8
74.03,9,0.109,74.03_9
74.04,1,4.831,74.04_1
74.04,10,2.84,74.04_10
74.04,11,7.379,74.04_11
74.04,12,5.117,74.04_12
74.04,2,3.188,74.04_2
74.04,3,2.069,74.04_3
74.04,4,0.561,74.04_4
74.04,5,0.076,74.04_5
74.04,6,0.037,74.04_6
74.04,7,0.01,74.04_7
74.04,8,0.014,74.04_8
74.04,9,0.166,74.04_9
74.05,1,6.135,74.05_1
74.05,10,3.493,74.05_10
74.05,11,9.119,74.05_11
74.05,12,6.469,74.05_12
74.05,2,4.125,74.05_2
74.05,3,2.752,74.05_3
74.05,4,0.799,74.05_4
74.05,5,0.113,74.05_5
74.05,6,0.055,74.05_6
74.05,7,0.016,74.05_7
74.05,8,0.021,74.05_8
74.05,9,0.235,74.05_9
74.06,1,7.551,74.06_1
74.06,10,4.173,74.06_10
74.06,11,10.947,74.06_11
74.06,12,7.932,74.06_12
74.06,2,5.161,74.06_2
74.06,3,3.524,74.06_3
74.06,4,1.078,74.06_4
74.06,5,0.157,74.06_5
74.06,6,0.077,74.06_6
74.06,7,0.023,74.06_7
74.06,8,0.03,74.06_8
74.06,9,0.316,74.06_9
74.07,1,9.08,74.07_1
74.07,10,4.882,74.07_10
74.07,11,12.864,74.07_11
74.07,12,9.504,74.07_12
74.07,2,6.296,74.07_2
74.07,3,4.386,74.07_3
74.07,4,1.4,74.07_4
74.07,5,0.209,74.07_5
74.07,6,0.102,74.07_6
74.07,7,0.031,74.07_7
74.07,8,0.04,74.07_8
74.07,9,0.409,74.07_9
74.08,1,10.72,74.08_1
74.08,10,5.618,74.08_10
74.08,11,14.869,74.08_11
74.08,12,11.185,74.08_12
74.08,2,7.531,74.08_2
74.08,3,5.338,74.08_3
74.08,4,1.763,74.08_4
74.08,5,0.268,74.08_5
74.08,6,0.131,74.08_6
74.08,7,0.04,74.08_7
74.08,8,0.051,74.08_8
74.08,9,0.513,74.08_9
74.09,1,12.473,74.09_1
74.09,10,6.383,74.09_10
74.09,11,16.962,74.09_11
74.09,12,12.977,74.09_12
74.09,2,8.866,74.09_2
74.09,3,6.38,74.09_3
74.09,4,2.168,74.09_4
74.09,5,0.335,74.09_5
74.09,6,0.164,74.09_6
74.09,7,0.05,74.09_7
74.09,8,0.063,74.09_8
74.09,9,0.629,74.09_9
74.1,1,14.338,74.1_1
74.1,10,7.175,74.1_10
74.1,11,19.144,74.1_11
74.1,12,14.878,74.1_12
74.1,2,10.3,74.1_2
74.1,3,7.511,74.1_3
74.1,4,2.615,74.1_4
74.1,5,0.409,74.1_5
74.1,6,0.2,74.1_6
74.1,7,0.061,74.1_7
74.1,8,0.077,74.1_8
74.1,9,0.757,74.1_9
74.11,1,16.364,74.11_1
74.11,10,8.033,74.11_10
74.11,11,21.435,74.11_11
74.11,12,16.945,74.11_12
74.11,2,11.819,74.11_2
74.11,3,8.747,74.11_3
74.11,4,3.141,74.11_4
74.11,5,0.52,74.11_5
74.11,6,0.244,74.11_6
74.11,7,0.08,74.11_7
74.11,8,0.104,74.11_8
74.11,9,0.898,74.11_9
74.12,1,18.551,74.12_1
74.12,10,8.956,74.12_10
74.12,11,23.835,74.12_11
74.12,12,19.178,74.12_12
74.12,2,13.423,74.12_2
74.12,3,10.089,74.12_3
74.12,4,3.748,74.12_4
74.12,5,0.667,74.12_5
74.12,6,0.294,74.12_6
74.12,7,0.107,74.12_7
74.12,8,0.144,74.12_8
74.12,9,1.052,74.12_9
74.13,1,20.897,74.13_1
74.13,10,9.944,74.13_10
74.13,11,26.345,74.13_11
74.13,12,21.577,74.13_12
74.13,2,15.112,74.13_2
74.13,3,11.535,74.13_3
74.13,4,4.434,74.13_4
74.13,5,0.852,74.13_5
74.13,6,0.351,74.13_6
74.13,7,0.142,74.13_7
74.13,8,0.199,74.13_8
74.13,9,1.219,74.13_9
74.14,1,23.404,74.14_1
74.14,10,10.997,74.14_10
74.14,11,28.964,74.14_11
74.14,12,24.142,74.14_12
74.14,2,16.886,74.14_2
74.14,3,13.087,74.14_3
74.14,4,5.201,74.14_4
74.14,5,1.073,74.14_5
74.14,6,0.415,74.14_6
74.14,7,0.185,74.14_7
74.14,8,0.267,74.14_8
74.14,9,1.399,74.14_9
74.15,1,26.072,74.15_1
74.15,10,12.116,74.15_10
74.15,11,31.692,74.15_11
74.15,12,26.872,74.15_12
74.15,2,18.745,74.15_2
74.15,3,14.744,74.15_3
74.15,4,6.048,74.15_4
74.15,5,1.331,74.15_5
74.15,6,0.486,74.15_6
74.15,7,0.236,74.15_7
74.15,8,0.348,74.15_8
74.15,9,1.592,74.15_9
74.16,1,28.9,74.16_1
74.16,10,13.3,74.16_10
74.16,11,34.529,74.16_11
74.16,12,29.768,74.16_12
74.16,2,20.689,74.16_2
74.16,3,16.506,74.16_3
74.16,4,6.975,74.16_4
74.16,5,1.626,74.16_5
74.16,6,0.564,74.16_6
74.16,7,0.294,74.16_7
74.16,8,0.442,74.16_8
74.16,9,1.798,74.16_9
74.17,1,31.888,74.17_1
74.17,10,14.548,74.17_10
74.17,11,37.476,74.17_11
74.17,12,32.831,74.17_12
74.17,2,22.718,74.17_2
74.17,3,18.373,74.17_3
74.17,4,7.982,74.17_4
74.17,5,1.959,74.17_5
74.17,6,0.649,74.17_6
74.17,7,0.36,74.17_7
74.17,8,0.55,74.17_8
74.17,9,2.017,74.17_9
74.18,1,35.037,74.18_1
74.18,10,15.862,74.18_10
74.18,11,40.532,74.18_11
74.18,12,36.059,74.18_12
74.18,2,24.832,74.18_2
74.18,3,20.346,74.18_3
74.18,4,9.07,74.18_4
74.18,5,2.328,74.18_5
74.18,6,0.74,74.18_6
74.18,7,0.434,74.18_7
74.18,8,0.671,74.18_8
74.18,9,2.249,74.18_9
74.19,1,38.346,74.19_1
74.19,10,17.241,74.19_10
74.19,11,43.697,74.19_11
74.19,12,39.453,74.19_12
74.19,2,27.031,74.19_2
74.19,3,22.423,74.19_3
74.19,4,10.237,74.19_4
74.19,5,2.734,74.19_5
74.19,6,0.839,74.19_6
74.19,7,0.516,74.19_7
74.19,8,0.805,74.19_8
74.19,9,2.493,74.19_9
74.2,1,41.816,74.2_1
74.2,10,18.686,74.2_10
74.2,11,46.971,74.2_11
74.2,12,43.013,74.2_12
74.2,2,29.315,74.2_2
74.2,3,24.606,74.2_3
74.2,4,11.485,74.2_4
74.2,5,3.176,74.2_5
74.2,6,0.944,74.2_6
74.2,7,0.606,74.2_7
74.2,8,0.952,74.2_8
74.2,9,2.751,74.2_9
74.21,1,44.996,74.21_1
74.21,10,20.043,74.21_10
74.21,11,50.054,74.21_11
74.21,12,46.28,74.21_12
74.21,2,31.422,74.21_2
74.21,3,26.611,74.21_3
74.21,4,12.618,74.21_4
74.21,5,3.574,74.21_5
74.21,6,1.039,74.21_6
74.21,7,0.687,74.21_7
74.21,8,1.085,74.21_8
74.21,9,2.986,74.21_9
74.22,1,47.885,74.22_1
74.22,10,21.311,74.22_10
74.22,11,52.945,74.22_11
74.22,12,49.255,74.22_12
74.22,2,33.349,74.22_2
74.22,3,28.437,74.22_3
74.22,4,13.637,74.22_4
74.22,5,3.928,74.22_5
74.22,6,1.123,74.22_6
74.22,7,0.759,74.22_7
74.22,8,1.203,74.22_8
74.22,9,3.198,74.22_9
74.23,1,50.484,74.23_1
74.23,10,22.491,74.23_10
74.23,11,55.645,74.23_11
74.23,12,51.937,74.23_12
74.23,2,35.099,74.23_2
74.23,3,30.084,74.23_3
74.23,4,14.54,74.23_4
74.23,5,4.238,74.23_5
74.23,6,1.197,74.23_6
74.23,7,0.822,74.23_7
74.23,8,1.306,74.23_8
74.23,9,3.387,74.23_9
74.24,1,52.793,74.24_1
74.24,10,23.583,74.24_10
74.24,11,58.154,74.24_11
74.24,12,54.326,74.24_12
74.24,2,36.669,74.24_2
74.24,3,31.552,74.24_3
74.24,4,15.329,74.24_4
74.24,5,4.504,74.24_5
74.24,6,1.26,74.24_6
74.24,7,0.876,74.24_7
74.24,8,1.394,74.24_8
74.24,9,3.553,74.24_9
74.25,1,54.811,74.25_1
74.25,10,24.587,74.25_10
74.25,11,60.472,74.25_11
74.25,12,56.422,74.25_12
74.25,2,38.06,74.25_2
74.25,3,32.842,74.25_3
74.25,4,16.004,74.25_4
74.25,5,4.726,74.25_5
74.25,6,1.313,74.25_6
74.25,7,0.921,74.25_7
74.25,8,1.469,74.25_8
74.25,9,3.696,74.25_9
74.26,1,56.539,74.26_1
74.26,10,25.503,74.26_10
74.26,11,62.598,74.26_11
74.26,12,58.226,74.26_12
74.26,2,39.274,74.26_2
74.26,3,33.954,74.26_3
74.26,4,16.564,74.26_4
74.26,5,4.904,74.26_5
74.26,6,1.355,74.26_6
74.26,7,0.957,74.26_7
74.26,8,1.529,74.26_8
74.26,9,3.815,74.26_9
74.27,1,57.976,74.27_1
74.27,10,26.331,74.27_10
74.27,11,64.533,74.27_11
74.27,12,59.738,74.27_12
74.27,2,40.308,74.27_2
74.27,3,34.887,74.27_3
74.27,4,17.008,74.27_4
74.27,5,5.038,74.27_5
74.27,6,1.387,74.27_6
74.27,7,0.984,74.27_7
74.27,8,1.574,74.27_8
74.27,9,3.911,74.27_9
74.28,1,59.124,74.28_1
74.28,10,27.071,74.28_10
74.28,11,66.276,74.28_11
74.28,12,60.957,74.28_12
74.28,2,41.165,74.28_2
74.28,3,35.641,74.28_3
74.28,4,17.338,74.28_4
74.28,5,5.128,74.28_5
74.28,6,1.408,74.28_6
74.28,7,1.002,74.28_7
74.28,8,1.604,74.28_8
74.28,9,3.985,74.28_9
74.29,1,59.983,74.29_1
74.29,10,27.723,74.29_10
74.29,11,67.828,74.29_11
74.29,12,61.884,74.29_12
74.29,2,41.843,74.29_2
74.29,3,36.217,74.29_3
74.29,4,17.553,74.29_4
74.29,5,5.174,74.29_5
74.29,6,1.419,74.29_6
74.29,7,1.011,74.29_7
74.29,8,1.62,74.29_8
74.29,9,4.036,74.29_9
74.3,1,60.551,74.3_1
74.3,10,28.287,74.3_10
74.3,11,69.188,74.3_11
74.3,12,62.517,74.3_12
74.3,2,42.342,74.3_2
74.3,3,36.614,74.3_3
74.3,4,17.654,74.3_4
74.3,5,5.176,74.3_5
74.3,6,1.419,74.3_6
74.3,7,1.011,74.3_7
74.3,8,1.621,74.3_8
74.3,9,4.063,74.3_9
74.31,1,61.227,74.31_1
74.31,10,28.857,74.31_10
74.31,11,70.562,74.31_11
74.31,12,63.237,74.31_12
74.31,2,42.915,74.31_2
74.31,3,37.067,74.31_3
74.31,4,17.8,74.31_4
74.31,5,5.224,74.31_5
74.31,6,1.427,74.31_6
74.31,7,1.012,74.31_7
74.31,8,1.624,74.31_8
74.31,9,4.098,74.31_9
74.32,1,62.011,74.32_1
74.32,10,29.432,74.32_10
74.32,11,71.948,74.32_11
74.32,12,64.045,74.32_12
74.32,2,43.563,74.32_2
74.32,3,37.578,74.32_3
74.32,4,17.992,74.32_4
74.32,5,5.32,74.32_5
74.32,6,1.443,74.32_6
74.32,7,1.014,74.32_7
74.32,8,1.629,74.32_8
74.32,9,4.14,74.32_9
74.33,1,62.903,74.33_1
74.33,10,30.013,74.33_10
74.33,11,73.347,74.33_11
74.33,12,64.939,74.33_12
74.33,2,44.286,74.33_2
74.33,3,38.145,74.33_3
74.33,4,18.23,74.33_4
74.33,5,5.464,74.33_5
74.33,6,1.467,74.33_6
74.33,7,1.016,74.33_7
74.33,8,1.636,74.33_8
74.33,9,4.189,74.33_9
74.34,1,63.903,74.34_1
74.34,10,30.599,74.34_10
74.34,11,74.758,74.34_11
74.34,12,65.92,74.34_12
74.34,2,45.083,74.34_2
74.34,3,38.769,74.34_3
74.34,4,18.513,74.34_4
74.34,5,5.654,74.34_5
74.34,6,1.5,74.34_6
74.34,7,1.019,74.34_7
74.34,8,1.646,74.34_8
74.34,9,4.244,74.34_9
74.35,1,65.012,74.35_1
74.35,10,31.19,74.35_10
74.35,11,76.182,74.35_11
74.35,12,66.987,74.35_12
74.35,2,45.955,74.35_2
74.35,3,39.449,74.35_3
74.35,4,18.841,74.35_4
74.35,5,5.893,74.35_5
74.35,6,1.54,74.35_6
74.35,7,1.023,74.35_7
74.35,8,1.658,74.35_8
74.35,9,4.306,74.35_9
74.36,1,66.228,74.36_1
74.36,10,31.786,74.36_10
74.36,11,77.619,74.36_11
74.36,12,68.14,74.36_12
74.36,2,46.901,74.36_2
74.36,3,40.187,74.36_3
74.36,4,19.216,74.36_4
74.36,5,6.179,74.36_5
74.36,6,1.588,74.36_6
74.36,7,1.028,74.36_7
74.36,8,1.672,74.36_8
74.36,9,4.375,74.36_9
74.37,1,67.553,74.37_1
74.37,10,32.389,74.37_10
74.37,11,79.068,74.37_11
74.37,12,69.381,74.37_12
74.37,2,47.922,74.37_2
74.37,3,40.981,74.37_3
74.37,4,19.637,74.37_4
74.37,5,6.513,74.37_5
74.37,6,1.644,74.37_6
74.37,7,1.033,74.37_7
74.37,8,1.688,74.37_8
74.37,9,4.451,74.37_9
74.38,1,68.985,74.38_1
74.38,10,32.996,74.38_10
74.38,11,80.53,74.38_11
74.38,12,70.709,74.38_12
74.38,2,49.017,74.38_2
74.38,3,41.832,74.38_3
74.38,4,20.103,74.38_4
74.38,5,6.894,74.38_5
74.38,6,1.708,74.38_6
74.38,7,1.039,74.38_7
74.38,8,1.706,74.38_8
74.38,9,4.533,74.38_9
74.39,1,70.526,74.39_1
74.39,10,33.61,74.39_10
74.39,11,82.005,74.39_11
74.39,12,72.124,74.39_12
74.39,2,50.185,74.39_2
74.39,3,42.74,74.39_3
74.39,4,20.616,74.39_4
74.39,5,7.322,74.39_5
74.39,6,1.782,74.39_6
74.39,7,1.046,74.39_7
74.39,8,1.726,74.39_8
74.39,9,4.622,74.39_9
74.4,1,72.175,74.4_1
74.4,10,34.229,74.4_10
74.4,11,83.492,74.4_11
74.4,12,73.625,74.4_12
74.4,2,51.429,74.4_2
74.4,3,43.704,74.4_3
74.4,4,21.174,74.4_4
74.4,5,7.797,74.4_5
74.4,6,1.863,74.4_6
74.4,7,1.054,74.4_7
74.4,8,1.748,74.4_8
74.4,9,4.718,74.4_9
74.41,1,73.925,74.41_1
74.41,10,34.894,74.41_10
74.41,11,85.073,74.41_11
74.41,12,75.225,74.41_12
74.41,2,52.757,74.41_2
74.41,3,44.765,74.41_3
74.41,4,21.779,74.41_4
74.41,5,8.248,74.41_5
74.41,6,1.943,74.41_6
74.41,7,1.063,74.41_7
74.41,8,1.77,74.41_8
74.41,9,4.822,74.41_9
74.42,1,75.774,74.42_1
74.42,10,35.605,74.42_10
74.42,11,86.745,74.42_11
74.42,12,76.925,74.42_12
74.42,2,54.17,74.42_2
74.42,3,45.923,74.42_3
74.42,4,22.433,74.42_4
74.42,5,8.672,74.42_5
74.42,6,2.023,74.42_6
74.42,7,1.073,74.42_7
74.42,8,1.793,74.42_8
74.42,9,4.936,74.42_9
74.43,1,77.723,74.43_1
74.43,10,36.364,74.43_10
74.43,11,88.509,74.43_11
74.43,12,78.726,74.43_12
74.43,2,55.667,74.43_2
74.43,3,47.177,74.43_3
74.43,4,23.134,74.43_4
74.43,5,9.072,74.43_5
74.43,6,2.102,74.43_6
74.43,7,1.083,74.43_7
74.43,8,1.816,74.43_8
74.43,9,5.058,74.43_9
74.44,1,79.773,74.44_1
74.44,10,37.169,74.44_10
74.44,11,90.364,74.44_11
74.44,12,80.626,74.44_12
74.44,2,57.248,74.44_2
74.44,3,48.529,74.44_3
74.44,4,23.882,74.44_4
74.44,5,9.446,74.44_5
74.44,6,2.18,74.44_6
74.44,7,1.095,74.44_7
74.44,8,1.84,74.44_8
74.44,9,5.189,74.44_9
74.45,1,81.924,74.45_1
74.45,10,38.02,74.45_10
74.45,11,92.311,74.45_11
74.45,12,82.624,74.45_12
74.45,2,58.915,74.45_2
74.45,3,49.978,74.45_3
74.45,4,24.679,74.45_4
74.45,5,9.793,74.45_5
74.45,6,2.258,74.45_6
74.45,7,1.109,74.45_7
74.45,8,1.865,74.45_8
74.45,9,5.328,74.45_9
74.46,1,84.175,74.46_1
74.46,10,38.918,74.46_10
74.46,11,94.35,74.46_11
74.46,12,84.723,74.46_12
74.46,2,60.666,74.46_2
74.46,3,51.523,74.46_3
74.46,4,25.523,74.46_4
74.46,5,10.116,74.46_5
74.46,6,2.336,74.46_6
74.46,7,1.124,74.46_7
74.46,8,1.89,74.46_8
74.46,9,5.477,74.46_9
74.47,1,86.526,74.47_1
74.47,10,39.862,74.47_10
74.47,11,96.481,74.47_11
74.47,12,86.922,74.47_12
74.47,2,62.501,74.47_2
74.47,3,53.165,74.47_3
74.47,4,26.414,74.47_4
74.47,5,10.413,74.47_5
74.47,6,2.414,74.47_6
74.47,7,1.139,74.47_7
74.47,8,1.915,74.47_8
74.47,9,5.634,74.47_9
74.48,1,88.978,74.48_1
74.48,10,40.853,74.48_10
74.48,11,98.704,74.48_11
74.48,12,89.219,74.48_12
74.48,2,64.421,74.48_2
74.48,3,54.903,74.48_3
74.48,4,27.353,74.48_4
74.48,5,10.684,74.48_5
74.48,6,2.491,74.48_6
74.48,7,1.156,74.48_7
74.48,8,1.941,74.48_8
74.48,9,5.801,74.48_9
74.49,1,91.529,74.49_1
74.49,10,41.89,74.49_10
74.49,11,101.018,74.49_11
74.49,12,91.615,74.49_12
74.49,2,66.425,74.49_2
74.49,3,56.738,74.49_3
74.49,4,28.34,74.49_4
74.49,5,10.931,74.49_5
74.49,6,2.568,74.49_6
74.49,7,1.174,74.49_7
74.49,8,1.967,74.49_8
74.49,9,5.975,74.49_9
74.5,1,94.181,74.5_1
74.5,10,42.973,74.5_10
74.5,11,103.424,74.5_11
74.5,12,94.112,74.5_12
74.5,2,68.514,74.5_2
74.5,3,58.669,74.5_3
74.5,4,29.374,74.5_4
74.5,5,11.151,74.5_5
74.5,6,2.644,74.5_6
74.5,7,1.193,74.5_7
74.5,8,1.993,74.5_8
74.5,9,6.159,74.5_9
74.51,1,96.689,74.51_1
74.51,10,44.106,74.51_10
74.51,11,105.988,74.51_11
74.51,12,96.542,74.51_12
74.51,2,70.475,74.51_2
74.51,3,60.481,74.51_3
74.51,4,30.557,74.51_4
74.51,5,11.683,74.51_5
74.51,6,2.837,74.51_6
74.51,7,1.247,74.51_7
74.51,8,2.024,74.51_8
74.51,9,6.336,74.51_9
74.52,1,99.054,74.52_1
74.52,10,45.289,74.52_10
74.52,11,108.71,74.52_11
74.52,12,98.903,74.52_12
74.52,2,72.309,74.52_2
74.52,3,62.172,74.52_3
74.52,4,31.888,74.52_4
74.52,5,12.526,74.52_5
74.52,6,3.147,74.52_6
74.52,7,1.335,74.52_7
74.52,8,2.06,74.52_8
74.52,9,6.508,74.52_9
74.53,1,101.275,74.53_1
74.53,10,46.522,74.53_10
74.53,11,111.59,74.53_11
74.53,12,101.196,74.53_12
74.53,2,74.015,74.53_2
74.53,3,63.743,74.53_3
74.53,4,33.368,74.53_4
74.53,5,13.681,74.53_5
74.53,6,3.574,74.53_6
74.53,7,1.458,74.53_7
74.53,8,2.1,74.53_8
74.53,9,6.673,74.53_9
74.54,1,103.352,74.54_1
74.54,10,47.805,74.54_10
74.54,11,114.629,74.54_11
74.54,12,103.42,74.54_12
74.54,2,75.593,74.54_2
74.54,3,65.194,74.54_3
74.54,4,34.996,74.54_4
74.54,5,15.147,74.54_5
74.54,6,4.116,74.54_6
74.54,7,1.616,74.54_7
74.54,8,2.145,74.54_8
74.54,9,6.832,74.54_9
74.55,1,105.286,74.55_1
74.55,10,49.138,74.55_10
74.55,11,117.826,74.55_11
74.55,12,105.577,74.55_12
74.55,2,77.044,74.55_2
74.55,3,66.524,74.55_3
74.55,4,36.773,74.55_4
74.55,5,16.925,74.55_5
74.55,6,4.775,74.55_6
74.55,7,1.81,74.55_7
74.55,8,2.194,74.55_8
74.55,9,6.985,74.55_9
74.56,1,107.076,74.56_1
74.56,10,50.521,74.56_10
74.56,11,121.181,74.56_11
74.56,12,107.666,74.56_12
74.56,2,78.367,74.56_2
74.56,3,67.734,74.56_3
74.56,4,38.698,74.56_4
74.56,5,19.014,74.56_5
74.56,6,5.551,74.56_6
74.56,7,2.039,74.56_7
74.56,8,2.248,74.56_8
74.56,9,7.132,74.56_9
74.57,1,108.723,74.57_1
74.57,10,51.954,74.57_10
74.57,11,124.695,74.57_11
74.57,12,109.686,74.57_12
74.57,2,79.562,74.57_2
74.57,3,68.826,74.57_3
74.57,4,40.77,74.57_4
74.57,5,21.415,74.57_5
74.57,6,6.444,74.57_6
74.57,7,2.302,74.57_7
74.57,8,2.306,74.57_8
74.57,9,7.272,74.57_9
74.58,1,110.225,74.58_1
74.58,10,53.437,74.58_10
74.58,11,128.368,74.58_11
74.58,12,111.638,74.58_12
74.58,2,80.63,74.58_2
74.58,3,69.798,74.58_3
74.58,4,42.992,74.58_4
74.58,5,24.126,74.58_5
74.58,6,7.454,74.58_6
74.58,7,2.601,74.58_7
74.58,8,2.368,74.58_8
74.58,9,7.407,74.58_9
74.59,1,111.585,74.59_1
74.59,10,54.969,74.59_10
74.59,11,132.199,74.59_11
74.59,12,113.523,74.59_12
74.59,2,81.57,74.59_2
74.59,3,70.649,74.59_3
74.59,4,45.362,74.59_4
74.59,5,27.149,74.59_5
74.59,6,8.581,74.59_6
74.59,7,2.934,74.59_7
74.59,8,2.435,74.59_8
74.59,9,7.535,74.59_9
74.6,1,112.8,74.6_1
74.6,10,56.552,74.6_10
74.6,11,136.188,74.6_11
74.6,12,115.339,74.6_12
74.6,2,82.382,74.6_2
74.6,3,71.38,74.6_3
74.6,4,47.88,74.6_4
74.6,5,30.483,74.6_5
74.6,6,9.825,74.6_6
74.6,7,3.302,74.6_7
74.6,8,2.507,74.6_8
74.6,9,7.657,74.6_9
74.61,1,114.216,74.61_1
74.61,10,58.419,74.61_10
74.61,11,140.474,74.61_11
74.61,12,117.379,74.61_12
74.61,2,83.238,74.61_2
74.61,3,72.132,74.61_3
74.61,4,50.195,74.61_4
74.61,5,33.538,74.61_5
74.61,6,11.113,74.61_6
74.61,7,3.694,74.61_7
74.61,8,2.576,74.61_8
74.61,9,7.834,74.61_9
74.62,1,115.834,74.62_1
74.62,10,60.569,74.62_10
74.62,11,145.059,74.62_11
74.62,12,119.642,74.62_12
74.62,2,84.138,74.62_2
74.62,3,72.906,74.62_3
74.62,4,52.308,74.62_4
74.62,5,36.313,74.62_5
74.62,6,12.446,74.62_6
74.62,7,4.109,74.62_7
74.62,8,2.643,74.62_8
74.62,9,8.066,74.62_9
74.63,1,117.653,74.63_1
74.63,10,63.003,74.63_10
74.63,11,149.941,74.63_11
74.63,12,122.129,74.63_12
74.63,2,85.082,74.63_2
74.63,3,73.7,74.63_3
74.63,4,54.217,74.63_4
74.63,5,38.808,74.63_5
74.63,6,13.824,74.63_6
74.63,7,4.548,74.63_7
74.63,8,2.708,74.63_8
74.63,9,8.353,74.63_9
74.64,1,119.673,74.64_1
74.64,10,65.72,74.64_10
74.64,11,155.121,74.64_11
74.64,12,124.84,74.64_12
74.64,2,86.069,74.64_2
74.64,3,74.516,74.64_3
74.64,4,55.925,74.64_4
74.64,5,41.024,74.64_5
74.64,6,15.246,74.64_6
74.64,7,5.011,74.64_7
74.64,8,2.77,74.64_8
74.64,9,8.695,74.64_9
74.65,1,121.894,74.65_1
74.65,10,68.721,74.65_10
74.65,11,160.599,74.65_11
74.65,12,127.774,74.65_12
74.65,2,87.1,74.65_2
74.65,3,75.354,74.65_3
74.65,4,57.43,74.65_4
74.65,5,42.96,74.65_5
74.65,6,16.713,74.65_6
74.65,7,5.497,74.65_7
74.65,8,2.831,74.65_8
74.65,9,9.091,74.65_9
74.66,1,124.316,74.66_1
74.66,10,72.006,74.66_10
74.66,11,166.374,74.66_11
74.66,12,130.933,74.66_12
74.66,2,88.175,74.66_2
74.66,3,76.214,74.66_3
74.66,4,58.733,74.66_4
74.66,5,44.617,74.66_5
74.66,6,18.224,74.66_6
74.66,7,6.007,74.66_7
74.66,8,2.89,74.66_8
74.66,9,9.543,74.66_9
74.67,1,126.939,74.67_1
74.67,10,75.574,74.67_10
74.67,11,172.447,74.67_11
74.67,12,134.315,74.67_12
74.67,2,89.294,74.67_2
74.67,3,77.095,74.67_3
74.67,4,59.832,74.67_4
74.67,5,45.995,74.67_5
74.67,6,19.78,74.67_6
74.67,7,6.542,74.67_7
74.67,8,2.946,74.67_8
74.67,9,10.05,74.67_9
74.68,1,129.764,74.68_1
74.68,10,79.426,74.68_10
74.68,11,178.819,74.68_11
74.68,12,137.921,74.68_12
74.68,2,90.457,74.68_2
74.68,3,77.997,74.68_3
74.68,4,60.729,74.68_4
74.68,5,47.093,74.68_5
74.68,6,21.381,74.68_6
74.68,7,7.1,74.68_7
74.68,8,3,74.68_8
74.68,9,10.612,74.68_9
74.69,1,132.789,74.69_1
74.69,10,83.561,74.69_10
74.69,11,185.489,74.69_11
74.69,12,141.75,74.69_12
74.69,2,91.664,74.69_2
74.69,3,78.92,74.69_3
74.69,4,61.423,74.69_4
74.69,5,47.911,74.69_5
74.69,6,23.027,74.69_6
74.69,7,7.682,74.69_7
74.69,8,3.052,74.69_8
74.69,9,11.228,74.69_9
74.7,1,136.014,74.7_1
74.7,10,87.98,74.7_10
74.7,11,192.457,74.7_11
74.7,12,145.803,74.7_12
74.7,2,92.914,74.7_2
74.7,3,79.865,74.7_3
74.7,4,61.915,74.7_4
74.7,5,48.45,74.7_5
74.7,6,24.718,74.7_6
74.7,7,8.287,74.7_7
74.7,8,3.101,74.7_8
74.7,9,11.899,74.7_9
74.71,1,139.374,74.71_1
74.71,10,92.152,74.71_10
74.71,11,199.336,74.71_11
74.71,12,150.001,74.71_12
74.71,2,94.261,74.71_2
74.71,3,80.99,74.71_3
74.71,4,62.6,74.71_4
74.71,5,48.974,74.71_5
74.71,6,26.253,74.71_6
74.71,7,8.84,74.71_7
74.71,8,3.156,74.71_8
74.71,9,12.527,74.71_9
74.72,1,142.867,74.72_1
74.72,10,96.079,74.72_10
74.72,11,206.129,74.72_11
74.72,12,154.347,74.72_12
74.72,2,95.703,74.72_2
74.72,3,82.296,74.72_3
74.72,4,63.48,74.72_4
74.72,5,49.483,74.72_5
74.72,6,27.633,74.72_6
74.72,7,9.341,74.72_7
74.72,8,3.217,74.72_8
74.72,9,13.111,74.72_9
74.73,1,146.495,74.73_1
74.73,10,99.759,74.73_10
74.73,11,212.835,74.73_11
74.73,12,158.839,74.73_12
74.73,2,97.241,74.73_2
74.73,3,83.782,74.73_3
74.73,4,64.554,74.73_4
74.73,5,49.977,74.73_5
74.73,6,28.858,74.73_6
74.73,7,9.79,74.73_7
74.73,8,3.283,74.73_8
74.73,9,13.651,74.73_9
74.74,1,150.257,74.74_1
74.74,10,103.193,74.74_10
74.74,11,219.454,74.74_11
74.74,12,163.477,74.74_12
74.74,2,98.872,74.74_2
74.74,3,85.448,74.74_3
74.74,4,65.821,74.74_4
74.74,5,50.456,74.74_5
74.74,6,29.928,74.74_6
74.74,7,10.187,74.74_7
74.74,8,3.355,74.74_8
74.74,9,14.148,74.74_9
74.75,1,154.151,74.75_1
74.75,10,106.38,74.75_10
74.75,11,225.984,74.75_11
74.75,12,168.261,74.75_12
74.75,2,100.598,74.75_2
74.75,3,87.295,74.75_3
74.75,4,67.282,74.75_4
74.75,5,50.92,74.75_5
74.75,6,30.843,74.75_6
74.75,7,10.531,74.75_7
74.75,8,3.434,74.75_8
74.75,9,14.603,74.75_9
74.76,1,158.18,74.76_1
74.76,10,109.323,74.76_10
74.76,11,232.427,74.76_11
74.76,12,173.191,74.76_12
74.76,2,102.419,74.76_2
74.76,3,89.322,74.76_3
74.76,4,68.937,74.76_4
74.76,5,51.37,74.76_5
74.76,6,31.603,74.76_6
74.76,7,10.824,74.76_7
74.76,8,3.519,74.76_8
74.76,9,15.015,74.76_9
74.77,1,162.342,74.77_1
74.77,10,112.019,74.77_10
74.77,11,238.783,74.77_11
74.77,12,178.268,74.77_12
74.77,2,104.335,74.77_2
74.77,3,91.529,74.77_3
74.77,4,70.787,74.77_4
74.77,5,51.805,74.77_5
74.77,6,32.208,74.77_6
74.77,7,11.064,74.77_7
74.77,8,3.609,74.77_8
74.77,9,15.382,74.77_9
74.78,1,166.638,74.78_1
74.78,10,114.468,74.78_10
74.78,11,245.052,74.78_11
74.78,12,183.491,74.78_12
74.78,2,106.346,74.78_2
74.78,3,93.917,74.78_3
74.78,4,72.83,74.78_4
74.78,5,52.225,74.78_5
74.78,6,32.658,74.78_6
74.78,7,11.252,74.78_7
74.78,8,3.705,74.78_8
74.78,9,15.706,74.78_9
74.79,1,171.068,74.79_1
74.79,10,116.672,74.79_10
74.79,11,251.232,74.79_11
74.79,12,188.859,74.79_12
74.79,2,108.451,74.79_2
74.79,3,96.485,74.79_3
74.79,4,75.068,74.79_4
74.79,5,52.631,74.79_5
74.79,6,32.952,74.79_6
74.79,7,11.388,74.79_7
74.79,8,3.807,74.79_8
74.79,9,15.987,74.79_9
74.8,1,175.631,74.8_1
74.8,10,118.629,74.8_10
74.8,11,257.326,74.8_11
74.8,12,194.375,74.8_12
74.8,2,110.653,74.8_2
74.8,3,99.232,74.8_3
74.8,4,77.498,74.8_4
74.8,5,53.022,74.8_5
74.8,6,33.091,74.8_6
74.8,7,11.472,74.8_7
74.8,8,3.915,74.8_8
74.8,9,16.225,74.8_9
74.81,1,180.163,74.81_1
74.81,10,120.554,74.81_10
74.81,11,263.178,74.81_11
74.81,12,199.737,74.81_12
74.81,2,112.969,74.81_2
74.81,3,101.997,74.81_3
74.81,4,79.843,74.81_4
74.81,5,53.43,74.81_5
74.81,6,33.238,74.81_6
74.81,7,11.559,74.81_7
74.81,8,4.027,74.81_8
74.81,9,16.478,74.81_9
74.82,1,184.662,74.82_1
74.82,10,122.446,74.82_10
74.82,11,268.786,74.82_11
74.82,12,204.947,74.82_12
74.82,2,115.402,74.82_2
74.82,3,104.778,74.82_3
74.82,4,82.104,74.82_4
74.82,5,53.856,74.82_5
74.82,6,33.392,74.82_6
74.82,7,11.65,74.82_7
74.82,8,4.143,74.82_8
74.82,9,16.747,74.82_9
74.83,1,189.13,74.83_1
74.83,10,124.307,74.83_10
74.83,11,274.153,74.83_11
74.83,12,210.006,74.83_12
74.83,2,117.951,74.83_2
74.83,3,107.575,74.83_3
74.83,4,84.279,74.83_4
74.83,5,54.3,74.83_5
74.83,6,33.554,74.83_6
74.83,7,11.743,74.83_7
74.83,8,4.263,74.83_8
74.83,9,17.032,74.83_9
74.84,1,193.566,74.84_1
74.84,10,126.136,74.84_10
74.84,11,279.275,74.84_11
74.84,12,214.911,74.84_12
74.84,2,120.614,74.84_2
74.84,3,110.388,74.84_3
74.84,4,86.368,74.84_4
74.84,5,54.761,74.84_5
74.84,6,33.722,74.84_6
74.84,7,11.839,74.84_7
74.84,8,4.388,74.84_8
74.84,9,17.333,74.84_9
74.85,1,197.971,74.85_1
74.85,10,127.931,74.85_10
74.85,11,284.154,74.85_11
74.85,12,219.664,74.85_12
74.85,2,123.393,74.85_2
74.85,3,113.217,74.85_3
74.85,4,88.372,74.85_4
74.85,5,55.239,74.85_5
74.85,6,33.897,74.85_6
74.85,7,11.938,74.85_7
74.85,8,4.517,74.85_8
74.85,9,17.65,74.85_9
74.86,1,202.344,74.86_1
74.86,10,129.694,74.86_10
74.86,11,288.79,74.86_11
74.86,12,224.265,74.86_12
74.86,2,126.286,74.86_2
74.86,3,116.063,74.86_3
74.86,4,90.291,74.86_4
74.86,5,55.735,74.86_5
74.86,6,34.08,74.86_6
74.86,7,12.041,74.86_7
74.86,8,4.65,74.86_8
74.86,9,17.982,74.86_9
74.87,1,206.686,74.87_1
74.87,10,131.424,74.87_10
74.87,11,293.184,74.87_11
74.87,12,228.714,74.87_12
74.87,2,129.296,74.87_2
74.87,3,118.926,74.87_3
74.87,4,92.124,74.87_4
74.87,5,56.248,74.87_5
74.87,6,34.269,74.87_6
74.87,7,12.146,74.87_7
74.87,8,4.787,74.87_8
74.87,9,18.33,74.87_9
74.88,1,210.996,74.88_1
74.88,10,133.122,74.88_10
74.88,11,297.335,74.88_11
74.88,12,233.01,74.88_12
74.88,2,132.421,74.88_2
74.88,3,121.804,74.88_3
74.88,4,93.873,74.88_4
74.88,5,56.779,74.88_5
74.88,6,34.465,74.88_6
74.88,7,12.254,74.88_7
74.88,8,4.929,74.88_8
74.88,9,18.694,74.88_9
74.89,1,215.274,74.89_1
74.89,10,134.789,74.89_10
74.89,11,301.243,74.89_11
74.89,12,237.154,74.89_12
74.89,2,135.661,74.89_2
74.89,3,124.699,74.89_3
74.89,4,95.536,74.89_4
74.89,5,57.327,74.89_5
74.89,6,34.669,74.89_6
74.89,7,12.366,74.89_7
74.89,8,5.075,74.89_8
74.89,9,19.073,74.89_9
74.9,1,219.521,74.9_1
74.9,10,136.423,74.9_10
74.9,11,304.909,74.9_11
74.9,12,241.146,74.9_12
74.9,2,139.016,74.9_2
74.9,3,127.61,74.9_3
74.9,4,97.114,74.9_4
74.9,5,57.893,74.9_5
74.9,6,34.879,74.9_6
74.9,7,12.481,74.9_7
74.9,8,5.223,74.9_8
74.9,9,19.467,74.9_9
74.91,1,223.597,74.91_1
74.91,10,137.993,74.91_10
74.91,11,308.434,74.91_11
74.91,12,244.994,74.91_12
74.91,2,142.219,74.91_2
74.91,3,130.397,74.91_3
74.91,4,98.626,74.91_4
74.91,5,58.432,74.91_5
74.91,6,35.082,74.91_6
74.91,7,12.592,74.91_7
74.91,8,5.366,74.91_8
74.91,9,19.845,74.91_9
74.92,1,227.504,74.92_1
74.92,10,139.498,74.92_10
74.92,11,311.819,74.92_11
74.92,12,248.699,74.92_12
74.92,2,145.268,74.92_2
74.92,3,133.06,74.92_3
74.92,4,100.072,74.92_4
74.92,5,58.947,74.92_5
74.92,6,35.275,74.92_6
74.92,7,12.699,74.92_7
74.92,8,5.503,74.92_8
74.92,9,20.204,74.92_9
74.93,1,231.241,74.93_1
74.93,10,140.938,74.93_10
74.93,11,315.064,74.93_11
74.93,12,252.261,74.93_12
74.93,2,148.164,74.93_2
74.93,3,135.598,74.93_3
74.93,4,101.451,74.93_4
74.93,5,59.436,74.93_5
74.93,6,35.46,74.93_6
74.93,7,12.802,74.93_7
74.93,8,5.633,74.93_8
74.93,9,20.547,74.93_9
74.94,1,234.807,74.94_1
74.94,10,142.313,74.94_10
74.94,11,318.168,74.94_11
74.94,12,255.679,74.94_12
74.94,2,150.907,74.94_2
74.94,3,138.014,74.94_3
74.94,4,102.763,74.94_4
74.94,5,59.9,74.94_5
74.94,6,35.637,74.94_6
74.94,7,12.902,74.94_7
74.94,8,5.755,74.94_8
74.94,9,20.87,74.94_9
74.95,1,238.205,74.95_1
74.95,10,143.624,74.95_10
74.95,11,321.133,74.95_11
74.95,12,258.954,74.95_12
74.95,2,153.497,74.95_2
74.95,3,140.306,74.95_3
74.95,4,104.01,74.95_4
74.95,5,60.34,74.95_5
74.95,6,35.805,74.95_6
74.95,7,12.998,74.95_7
74.95,8,5.872,74.95_8
74.95,9,21.177,74.95_9
74.96,1,241.432,74.96_1
74.96,10,144.87,74.96_10
74.96,11,323.958,74.96_11
74.96,12,262.084,74.96_12
74.96,2,155.935,74.96_2
74.96,3,142.473,74.96_3
74.96,4,105.191,74.96_4
74.96,5,60.753,74.96_5
74.96,6,35.965,74.96_6
74.96,7,13.09,74.96_7
74.96,8,5.983,74.96_8
74.96,9,21.465,74.96_9
74.97,1,244.489,74.97_1
74.97,10,146.052,74.97_10
74.97,11,326.643,74.97_11
74.97,12,265.072,74.97_12
74.97,2,158.218,74.97_2
74.97,3,144.516,74.97_3
74.97,4,106.304,74.97_4
74.97,5,61.141,74.97_5
74.97,6,36.115,74.97_6
74.97,7,13.178,74.97_7
74.97,8,6.088,74.97_8
74.97,9,21.736,74.97_9
74.98,1,247.378,74.98_1
74.98,10,147.169,74.98_10
74.98,11,329.187,74.98_11
74.98,12,267.916,74.98_12
74.98,2,160.35,74.98_2
74.98,3,146.436,74.98_3
74.98,4,107.351,74.98_4
74.98,5,61.503,74.98_5
74.98,6,36.256,74.98_6
74.98,7,13.263,74.98_7
74.98,8,6.184,74.98_8
74.98,9,21.988,74.98_9
74.99,1,250.095,74.99_1
74.99,10,148.221,74.99_10
74.99,11,331.592,74.99_11
74.99,12,270.617,74.99_12
74.99,2,162.329,74.99_2
74.99,3,148.23,74.99_3
74.99,4,108.332,74.99_4
74.99,5,61.841,74.99_5
74.99,6,36.389,74.99_6
74.99,7,13.344,74.99_7
74.99,8,6.275,74.99_8
74.99,9,22.223,74.99_9
75,1,252.643,75_1
75,10,149.209,75_10
75,11,333.855,75_11
75,12,273.174,75_12
75,2,164.155,75_2
75,3,149.901,75_3
75,4,109.247,75_4
75,5,62.154,75_5
75,6,36.513,75_6
75,7,13.421,75_7
75,8,6.36,75_8
75,9,22.44,75_9
75.01,1,255.119,75.01_1
75.01,10,150.154,75.01_10
75.01,11,336.028,75.01_11
75.01,12,275.644,75.01_12
75.01,2,165.939,75.01_2
75.01,3,151.544,75.01_3
75.01,4,110.12,75.01_4
75.01,5,62.448,75.01_5
75.01,6,36.629,75.01_6
75.01,7,13.491,75.01_7
75.01,8,6.436,75.01_8
75.01,9,22.642,75.01_9
75.02,1,257.524,75.02_1
75.02,10,151.056,75.02_10
75.02,11,338.11,75.02_11
75.02,12,278.026,75.02_12
75.02,2,167.68,75.02_2
75.02,3,153.159,75.02_3
75.02,4,110.953,75.02_4
75.02,5,62.723,75.02_5
75.02,6,36.736,75.02_6
75.02,7,13.554,75.02_7
75.02,8,6.505,75.02_8
75.02,9,22.829,75.02_9
75.03,1,259.857,75.03_1
75.03,10,151.914,75.03_10
75.03,11,340.102,75.03_11
75.03,12,280.321,75.03_12
75.03,2,169.379,75.03_2
75.03,3,154.747,75.03_3
75.03,4,111.743,75.03_4
75.03,5,62.979,75.03_5
75.03,6,36.834,75.03_6
75.03,7,13.611,75.03_7
75.03,8,6.565,75.03_8
75.03,9,23,75.03_9
75.04,1,262.117,75.04_1
75.04,10,152.73,75.04_10
75.04,11,342.003,75.04_11
75.04,12,282.529,75.04_12
75.04,2,171.036,75.04_2
75.04,3,156.306,75.04_3
75.04,4,112.492,75.04_4
75.04,5,63.215,75.04_5
75.04,6,36.925,75.04_6
75.04,7,13.66,75.04_7
75.04,8,6.617,75.04_8
75.04,9,23.156,75.04_9
75.05,1,264.304,75.05_1
75.05,10,153.503,75.05_10
75.05,11,343.814,75.05_11
75.05,12,284.65,75.05_12
75.05,2,172.65,75.05_2
75.05,3,157.837,75.05_3
75.05,4,113.199,75.05_4
75.05,5,63.432,75.05_5
75.05,6,37.007,75.05_6
75.05,7,13.703,75.05_7
75.05,8,6.661,75.05_8
75.05,9,23.297,75.05_9
75.06,1,266.42,75.06_1
75.06,10,154.233,75.06_10
75.06,11,345.535,75.06_11
75.06,12,286.684,75.06_12
75.06,2,174.221,75.06_2
75.06,3,159.34,75.06_3
75.06,4,113.865,75.06_4
75.06,5,63.63,75.06_5
75.06,6,37.08,75.06_6
75.06,7,13.738,75.06_7
75.06,8,6.696,75.06_8
75.06,9,23.423,75.06_9
75.07,1,268.463,75.07_1
75.07,10,154.919,75.07_10
75.07,11,347.164,75.07_11
75.07,12,288.63,75.07_12
75.07,2,175.75,75.07_2
75.07,3,160.815,75.07_3
75.07,4,114.49,75.07_4
75.07,5,63.809,75.07_5
75.07,6,37.145,75.07_6
75.07,7,13.767,75.07_7
75.07,8,6.724,75.07_8
75.07,9,23.534,75.07_9
75.08,1,270.433,75.08_1
75.08,10,155.562,75.08_10
75.08,11,348.704,75.08_11
75.08,12,290.49,75.08_12
75.08,2,177.236,75.08_2
75.08,3,162.262,75.08_3
75.08,4,115.072,75.08_4
75.08,5,63.968,75.08_5
75.08,6,37.201,75.08_6
75.08,7,13.788,75.08_7
75.08,8,6.743,75.08_8
75.08,9,23.63,75.08_9
75.09,1,272.331,75.09_1
75.09,10,156.162,75.09_10
75.09,11,350.153,75.09_11
75.09,12,292.26,75.09_12
75.09,2,178.68,75.09_2
75.09,3,163.68,75.09_3
75.09,4,115.614,75.09_4
75.09,5,64.108,75.09_5
75.09,6,37.248,75.09_6
75.09,7,13.803,75.09_7
75.09,8,6.755,75.09_8
75.09,9,23.711,75.09_9
75.1,1,274.157,75.1_1
75.1,10,156.719,75.1_10
75.1,11,351.512,75.1_11
75.1,12,293.944,75.1_12
75.1,2,180.082,75.1_2
75.1,3,165.07,75.1_3
75.1,4,116.114,75.1_4
75.1,5,64.229,75.1_5
75.1,6,37.287,75.1_6
75.1,7,13.81,75.1_7
75.1,8,6.758,75.1_8
75.1,9,23.777,75.1_9
75.11,1,276.141,75.11_1
75.11,10,157.309,75.11_10
75.11,11,352.987,75.11_11
75.11,12,295.781,75.11_12
75.11,2,181.647,75.11_2
75.11,3,166.615,75.11_3
75.11,4,116.661,75.11_4
75.11,5,64.355,75.11_5
75.11,6,37.328,75.11_6
75.11,7,13.822,75.11_7
75.11,8,6.766,75.11_8
75.11,9,23.849,75.11_9
75.12,1,278.282,75.12_1
75.12,10,157.933,75.12_10
75.12,11,354.579,75.12_11
75.12,12,297.772,75.12_12
75.12,2,183.375,75.12_2
75.12,3,168.313,75.12_3
75.12,4,117.254,75.12_4
75.12,5,64.486,75.12_5
75.12,6,37.371,75.12_6
75.12,7,13.838,75.12_7
75.12,8,6.778,75.12_8
75.12,9,23.927,75.12_9
75.13,1,280.581,75.13_1
75.13,10,158.593,75.13_10
75.13,11,356.287,75.13_11
75.13,12,299.916,75.13_12
75.13,2,185.268,75.13_2
75.13,3,170.161,75.13_3
75.13,4,117.895,75.13_4
75.13,5,64.622,75.13_5
75.13,6,37.416,75.13_6
75.13,7,13.858,75.13_7
75.13,8,6.795,75.13_8
75.13,9,24.01,75.13_9
75.14,1,283.038,75.14_1
75.14,10,159.286,75.14_10
75.14,11,358.111,75.14_11
75.14,12,302.216,75.14_12
75.14,2,187.323,75.14_2
75.14,3,172.163,75.14_3
75.14,4,118.582,75.14_4
75.14,5,64.764,75.14_5
75.14,6,37.464,75.14_6
75.14,7,13.882,75.14_7
75.14,8,6.817,75.14_8
75.14,9,24.098,75.14_9
75.15,1,285.653,75.15_1
75.15,10,160.015,75.15_10
75.15,11,360.052,75.15_11
75.15,12,304.67,75.15_12
75.15,2,189.541,75.15_2
75.15,3,174.318,75.15_3
75.15,4,119.316,75.15_4
75.15,5,64.91,75.15_5
75.15,6,37.514,75.15_6
75.15,7,13.91,75.15_7
75.15,8,6.843,75.15_8
75.15,9,24.192,75.15_9
75.16,1,288.424,75.16_1
75.16,10,160.779,75.16_10
75.16,11,362.11,75.16_11
75.16,12,307.276,75.16_12
75.16,2,191.923,75.16_2
75.16,3,176.626,75.16_3
75.16,4,120.098,75.16_4
75.16,5,65.062,75.16_5
75.16,6,37.566,75.16_6
75.16,7,13.943,75.16_7
75.16,8,6.874,75.16_8
75.16,9,24.291,75.16_9
75.17,1,291.353,75.17_1
75.17,10,161.576,75.17_10
75.17,11,364.284,75.17_11
75.17,12,310.036,75.17_12
75.17,2,194.468,75.17_2
75.17,3,179.087,75.17_3
75.17,4,120.927,75.17_4
75.17,5,65.219,75.17_5
75.17,6,37.62,75.17_6
75.17,7,13.98,75.17_7
75.17,8,6.909,75.17_8
75.17,9,24.396,75.17_9
75.18,1,294.442,75.18_1
75.18,10,162.408,75.18_10
75.18,11,366.575,75.18_11
75.18,12,312.949,75.18_12
75.18,2,197.177,75.18_2
75.18,3,181.7,75.18_3
75.18,4,121.802,75.18_4
75.18,5,65.381,75.18_5
75.18,6,37.677,75.18_6
75.18,7,14.021,75.18_7
75.18,8,6.95,75.18_8
75.18,9,24.507,75.18_9
75.19,1,297.687,75.19_1
75.19,10,163.274,75.19_10
75.19,11,368.982,75.19_11
75.19,12,316.016,75.19_12
75.19,2,200.049,75.19_2
75.19,3,184.466,75.19_3
75.19,4,122.723,75.19_4
75.19,5,65.548,75.19_5
75.19,6,37.736,75.19_6
75.19,7,14.066,75.19_7
75.19,8,6.996,75.19_8
75.19,9,24.624,75.19_9
75.2,1,301.091,75.2_1
75.2,10,164.175,75.2_10
75.2,11,371.504,75.2_11
75.2,12,319.238,75.2_12
75.2,2,203.084,75.2_2
75.2,3,187.385,75.2_3
75.2,4,123.693,75.2_4
75.2,5,65.721,75.2_5
75.2,6,37.797,75.2_6
75.2,7,14.116,75.2_7
75.2,8,7.046,75.2_8
75.2,9,24.746,75.2_9
75.21,1,304.998,75.21_1
75.21,10,165.262,75.21_10
75.21,11,374.423,75.21_11
75.21,12,322.935,75.21_12
75.21,2,206.576,75.21_2
75.21,3,190.705,75.21_3
75.21,4,124.864,75.21_4
75.21,5,65.958,75.21_5
75.21,6,37.881,75.21_6
75.21,7,14.185,75.21_7
75.21,8,7.127,75.21_8
75.21,9,24.938,75.21_9
75.22,1,309.409,75.22_1
75.22,10,166.535,75.22_10
75.22,11,377.739,75.22_11
75.22,12,327.11,75.22_12
75.22,2,210.523,75.22_2
75.22,3,194.427,75.22_3
75.22,4,126.239,75.22_4
75.22,5,66.26,75.22_5
75.22,6,37.989,75.22_6
75.22,7,14.274,75.22_7
75.22,8,7.239,75.22_8
75.22,9,25.201,75.22_9
75.23,1,314.324,75.23_1
75.23,10,167.994,75.23_10
75.23,11,381.449,75.23_11
75.23,12,331.761,75.23_12
75.23,2,214.929,75.23_2
75.23,3,198.549,75.23_3
75.23,4,127.818,75.23_4
75.23,5,66.626,75.23_5
75.23,6,38.12,75.23_6
75.23,7,14.382,75.23_7
75.23,8,7.381,75.23_8
75.23,9,25.534,75.23_9
75.24,1,319.742,75.24_1
75.24,10,169.639,75.24_10
75.24,11,385.556,75.24_11
75.24,12,336.889,75.24_12
75.24,2,219.79,75.24_2
75.24,3,203.072,75.24_3
75.24,4,129.6,75.24_4
75.24,5,67.057,75.24_5
75.24,6,38.274,75.24_6
75.24,7,14.51,75.24_7
75.24,8,7.554,75.24_8
75.24,9,25.936,75.24_9
75.25,1,325.665,75.25_1
75.25,10,171.469,75.25_10
75.25,11,390.059,75.25_11
75.25,12,342.494,75.25_12
75.25,2,225.107,75.25_2
75.25,3,207.996,75.25_3
75.25,4,131.585,75.25_4
75.25,5,67.552,75.25_5
75.25,6,38.452,75.25_6
75.25,7,14.657,75.25_7
75.25,8,7.758,75.25_8
75.25,9,26.409,75.25_9
75.26,1,332.091,75.26_1
75.26,10,173.485,75.26_10
75.26,11,394.957,75.26_11
75.26,12,348.575,75.26_12
75.26,2,230.881,75.26_2
75.26,3,213.319,75.26_3
75.26,4,133.774,75.26_4
75.26,5,68.112,75.26_5
75.26,6,38.653,75.26_6
75.26,7,14.823,75.26_7
75.26,8,7.994,75.26_8
75.26,9,26.952,75.26_9
75.27,1,339.02,75.27_1
75.27,10,175.687,75.27_10
75.27,11,400.252,75.27_11
75.27,12,355.133,75.27_12
75.27,2,237.111,75.27_2
75.27,3,219.043,75.27_3
75.27,4,136.164,75.27_4
75.27,5,68.738,75.27_5
75.27,6,38.877,75.27_6
75.27,7,15.01,75.27_7
75.27,8,8.261,75.27_8
75.27,9,27.565,75.27_9
75.28,1,346.454,75.28_1
75.28,10,178.076,75.28_10
75.28,11,405.943,75.28_11
75.28,12,362.167,75.28_12
75.28,2,243.797,75.28_2
75.28,3,225.168,75.28_3
75.28,4,138.76,75.28_4
75.28,5,69.429,75.28_5
75.28,6,39.124,75.28_6
75.28,7,15.216,75.28_7
75.28,8,8.559,75.28_8
75.28,9,28.248,75.28_9
75.29,1,354.391,75.29_1
75.29,10,180.651,75.29_10
75.29,11,412.029,75.29_11
75.29,12,369.678,75.29_12
75.29,2,250.941,75.29_2
75.29,3,231.694,75.29_3
75.29,4,141.558,75.29_4
75.29,5,70.184,75.29_5
75.29,6,39.395,75.29_6
75.29,7,15.442,75.29_7
75.29,8,8.888,75.29_8
75.29,9,29.001,75.29_9
75.3,1,362.832,75.3_1
75.3,10,183.412,75.3_10
75.3,11,418.512,75.3_11
75.3,12,377.666,75.3_12
75.3,2,258.542,75.3_2
75.3,3,238.621,75.3_3
75.3,4,144.558,75.3_4
75.3,5,71.003,75.3_5
75.3,6,39.689,75.3_6
75.3,7,15.687,75.3_7
75.3,8,9.248,75.3_8
75.3,9,29.825,75.3_9
75.31,1,371.343,75.31_1
75.31,10,186.154,75.31_10
75.31,11,425.038,75.31_11
75.31,12,385.731,75.31_12
75.31,2,266.242,75.31_2
75.31,3,245.74,75.31_3
75.31,4,147.594,75.31_4
75.31,5,71.826,75.31_5
75.31,6,39.986,75.31_6
75.31,7,15.928,75.31_7
75.31,8,9.601,75.31_8
75.31,9,30.63,75.31_9
75.32,1,379.924,75.32_1
75.32,10,188.879,75.32_10
75.32,11,431.609,75.32_11
75.32,12,393.872,75.32_12
75.32,2,274.04,75.32_2
75.32,3,253.053,75.32_3
75.32,4,150.667,75.32_4
75.32,5,72.652,75.32_5
75.32,6,40.285,75.32_6
75.32,7,16.166,75.32_7
75.32,8,9.945,75.32_8
75.32,9,31.417,75.32_9
75.33,1,388.576,75.33_1
75.33,10,191.586,75.33_10
75.33,11,438.224,75.33_11
75.33,12,402.091,75.33_12
75.33,2,281.938,75.33_2
75.33,3,260.558,75.33_3
75.33,4,153.775,75.33_4
75.33,5,73.481,75.33_5
75.33,6,40.588,75.33_6
75.33,7,16.401,75.33_7
75.33,8,10.282,75.33_8
75.33,9,32.185,75.33_9
75.34,1,397.296,75.34_1
75.34,10,194.275,75.34_10
75.34,11,444.882,75.34_11
75.34,12,410.388,75.34_12
75.34,2,289.936,75.34_2
75.34,3,268.256,75.34_3
75.34,4,156.92,75.34_4
75.34,5,74.313,75.34_5
75.34,6,40.893,75.34_6
75.34,7,16.633,75.34_7
75.34,8,10.612,75.34_8
75.34,9,32.934,75.34_9
75.35,1,406.087,75.35_1
75.35,10,196.946,75.35_10
75.35,11,451.586,75.35_11
75.35,12,418.76,75.35_12
75.35,2,298.033,75.35_2
75.35,3,276.145,75.35_3
75.35,4,160.101,75.35_4
75.35,5,75.15,75.35_5
75.35,6,41.201,75.35_6
75.35,7,16.861,75.35_7
75.35,8,10.935,75.35_8
75.35,9,33.665,75.35_9
75.36,1,414.946,75.36_1
75.36,10,199.6,75.36_10
75.36,11,458.332,75.36_11
75.36,12,427.209,75.36_12
75.36,2,306.231,75.36_2
75.36,3,284.227,75.36_3
75.36,4,163.32,75.36_4
75.36,5,75.99,75.36_5
75.36,6,41.511,75.36_6
75.36,7,17.087,75.36_7
75.36,8,11.25,75.36_8
75.36,9,34.377,75.36_9
75.37,1,423.874,75.37_1
75.37,10,202.236,75.37_10
75.37,11,465.123,75.37_11
75.37,12,435.736,75.37_12
75.37,2,314.529,75.37_2
75.37,3,292.502,75.37_3
75.37,4,166.574,75.37_4
75.37,5,76.833,75.37_5
75.37,6,41.825,75.37_6
75.37,7,17.309,75.37_7
75.37,8,11.557,75.37_8
75.37,9,35.072,75.37_9
75.38,1,432.872,75.38_1
75.38,10,204.854,75.38_10
75.38,11,471.957,75.38_11
75.38,12,444.339,75.38_12
75.38,2,322.925,75.38_2
75.38,3,300.97,75.38_3
75.38,4,169.865,75.38_4
75.38,5,77.681,75.38_5
75.38,6,42.14,75.38_6
75.38,7,17.527,75.38_7
75.38,8,11.857,75.38_8
75.38,9,35.747,75.38_9
75.39,1,441.939,75.39_1
75.39,10,207.453,75.39_10
75.39,11,478.834,75.39_11
75.39,12,453.02,75.39_12
75.39,2,331.421,75.39_2
75.39,3,309.63,75.39_3
75.39,4,173.191,75.39_4
75.39,5,78.531,75.39_5
75.39,6,42.46,75.39_6
75.39,7,17.742,75.39_7
75.39,8,12.15,75.39_8
75.39,9,36.404,75.39_9
75.4,1,451.076,75.4_1
75.4,10,210.035,75.4_10
75.4,11,485.757,75.4_11
75.4,12,461.778,75.4_12
75.4,2,340.017,75.4_2
75.4,3,318.483,75.4_3
75.4,4,176.554,75.4_4
75.4,5,79.385,75.4_5
75.4,6,42.782,75.4_6
75.4,7,17.954,75.4_7
75.4,8,12.435,75.4_8
75.4,9,37.043,75.4_9
75.41,1,460.863,75.41_1
75.41,10,212.754,75.41_10
75.41,11,493.088,75.41_11
75.41,12,471.107,75.41_12
75.41,2,349.257,75.41_2
75.41,3,327.918,75.41_3
75.41,4,180.068,75.41_4
75.41,5,80.247,75.41_5
75.41,6,43.104,75.41_6
75.41,7,18.166,75.41_7
75.41,8,12.729,75.41_8
75.41,9,37.721,75.41_9
75.42,1,471.299,75.42_1
75.42,10,215.612,75.42_10
75.42,11,500.826,75.42_11
75.42,12,481.005,75.42_12
75.42,2,359.137,75.42_2
75.42,3,337.936,75.42_3
75.42,4,183.734,75.42_4
75.42,5,81.117,75.42_5
75.42,6,43.425,75.42_6
75.42,7,18.378,75.42_7
75.42,8,13.032,75.42_8
75.42,9,38.435,75.42_9
75.43,1,482.384,75.43_1
75.43,10,218.607,75.43_10
75.43,11,508.972,75.43_11
75.43,12,491.475,75.43_12
75.43,2,369.659,75.43_2
75.43,3,348.537,75.43_3
75.43,4,187.551,75.43_4
75.43,5,81.994,75.43_5
75.43,6,43.745,75.43_6
75.43,7,18.59,75.43_7
75.43,8,13.345,75.43_8
75.43,9,39.188,75.43_9
75.44,1,494.119,75.44_1
75.44,10,221.741,75.44_10
75.44,11,517.527,75.44_11
75.44,12,502.514,75.44_12
75.44,2,380.823,75.44_2
75.44,3,359.72,75.44_3
75.44,4,191.518,75.44_4
75.44,5,82.878,75.44_5
75.44,6,44.064,75.44_6
75.44,7,18.802,75.44_7
75.44,8,13.666,75.44_8
75.44,9,39.979,75.44_9
75.45,1,506.503,75.45_1
75.45,10,225.012,75.45_10
75.45,11,526.49,75.45_11
75.45,12,514.124,75.45_12
75.45,2,392.63,75.45_2
75.45,3,371.487,75.45_3
75.45,4,195.637,75.45_4
75.45,5,83.772,75.45_5
75.45,6,44.382,75.45_6
75.45,7,19.013,75.45_7
75.45,8,13.996,75.45_8
75.45,9,40.807,75.45_9
75.46,1,519.537,75.46_1
75.46,10,228.421,75.46_10
75.46,11,535.862,75.46_11
75.46,12,526.303,75.46_12
75.46,2,405.08,75.46_2
75.46,3,383.837,75.46_3
75.46,4,199.908,75.46_4
75.46,5,84.672,75.46_5
75.46,6,44.699,75.46_6
75.46,7,19.225,75.46_7
75.46,8,14.335,75.46_8
75.46,9,41.674,75.46_9
75.47,1,533.219,75.47_1
75.47,10,231.97,75.47_10
75.47,11,545.643,75.47_11
75.47,12,539.054,75.47_12
75.47,2,418.173,75.47_2
75.47,3,396.77,75.47_3
75.47,4,204.331,75.47_4
75.47,5,85.58,75.47_5
75.47,6,45.016,75.47_6
75.47,7,19.437,75.47_7
75.47,8,14.684,75.47_8
75.47,9,42.578,75.47_9
75.48,1,547.553,75.48_1
75.48,10,235.656,75.48_10
75.48,11,555.832,75.48_11
75.48,12,552.374,75.48_12
75.48,2,431.906,75.48_2
75.48,3,410.286,75.48_3
75.48,4,208.904,75.48_4
75.48,5,86.496,75.48_5
75.48,6,45.331,75.48_6
75.48,7,19.649,75.48_7
75.48,8,15.041,75.48_8
75.48,9,43.521,75.48_9
75.49,1,562.535,75.49_1
75.49,10,239.48,75.49_10
75.49,11,566.429,75.49_11
75.49,12,566.265,75.49_12
75.49,2,446.283,75.49_2
75.49,3,424.384,75.49_3
75.49,4,213.629,75.49_4
75.49,5,87.418,75.49_5
75.49,6,45.646,75.49_6
75.49,7,19.861,75.49_7
75.49,8,15.407,75.49_8
75.49,9,44.502,75.49_9
75.5,1,578.167,75.5_1
75.5,10,243.442,75.5_10
75.5,11,577.434,75.5_11
75.5,12,580.726,75.5_12
75.5,2,461.302,75.5_2
75.5,3,439.065,75.5_3
75.5,4,218.505,75.5_4
75.5,5,88.349,75.5_5
75.5,6,45.96,75.5_6
75.5,7,20.073,75.5_7
75.5,8,15.782,75.5_8
75.5,9,45.52,75.5_9
75.51,1,595.611,75.51_1
75.51,10,247.969,75.51_10
75.51,11,589.955,75.51_11
75.51,12,597.005,75.51_12
75.51,2,478.142,75.51_2
75.51,3,455.536,75.51_3
75.51,4,224.064,75.51_4
75.51,5,89.436,75.51_5
75.51,6,46.329,75.51_6
75.51,7,20.322,75.51_7
75.51,8,16.205,75.51_8
75.51,9,46.653,75.51_9
75.52,1,614.868,75.52_1
75.52,10,253.06,75.52_10
75.52,11,603.992,75.52_11
75.52,12,615.103,75.52_12
75.52,2,496.804,75.52_2
75.52,3,473.796,75.52_3
75.52,4,230.31,75.52_4
75.52,5,90.679,75.52_5
75.52,6,46.753,75.52_6
75.52,7,20.607,75.52_7
75.52,8,16.674,75.52_8
75.52,9,47.901,75.52_9
75.53,1,635.937,75.53_1
75.53,10,258.718,75.53_10
75.53,11,619.543,75.53_11
75.53,12,635.018,75.53_12
75.53,2,517.289,75.53_2
75.53,3,493.847,75.53_3
75.53,4,237.239,75.53_4
75.53,5,92.076,75.53_5
75.53,6,47.232,75.53_6
75.53,7,20.929,75.53_7
75.53,8,17.191,75.53_8
75.53,9,49.264,75.53_9
75.54,1,658.82,75.54_1
75.54,10,264.94,75.54_10
75.54,11,636.609,75.54_11
75.54,12,656.751,75.54_12
75.54,2,539.595,75.54_2
75.54,3,515.688,75.54_3
75.54,4,244.854,75.54_4
75.54,5,93.629,75.54_5
75.54,6,47.767,75.54_6
75.54,7,21.288,75.54_7
75.54,8,17.755,75.54_8
75.54,9,50.74,75.54_9
75.55,1,683.515,75.55_1
75.55,10,271.727,75.55_10
75.55,11,655.189,75.55_11
75.55,12,680.301,75.55_12
75.55,2,563.721,75.55_2
75.55,3,539.32,75.55_3
75.55,4,253.155,75.55_4
75.55,5,95.339,75.55_5
75.55,6,48.358,75.55_6
75.55,7,21.684,75.55_7
75.55,8,18.367,75.55_8
75.55,9,52.332,75.55_9
75.56,1,710.023,75.56_1
75.56,10,279.079,75.56_10
75.56,11,675.285,75.56_11
75.56,12,705.67,75.56_12
75.56,2,589.669,75.56_2
75.56,3,564.743,75.56_3
75.56,4,262.141,75.56_4
75.56,5,97.204,75.56_5
75.56,6,49.005,75.56_6
75.56,7,22.117,75.56_7
75.56,8,19.024,75.56_8
75.56,9,54.038,75.56_9
75.57,1,738.342,75.57_1
75.57,10,286.996,75.57_10
75.57,11,696.896,75.57_11
75.57,12,732.857,75.57_12
75.57,2,617.44,75.57_2
75.57,3,591.956,75.57_3
75.57,4,271.812,75.57_4
75.57,5,99.225,75.57_5
75.57,6,49.707,75.57_6
75.57,7,22.586,75.57_7
75.57,8,19.728,75.57_8
75.57,9,55.859,75.57_9
75.58,1,768.476,75.58_1
75.58,10,295.477,75.58_10
75.58,11,720.022,75.58_11
75.58,12,761.863,75.58_12
75.58,2,647.034,75.58_2
75.58,3,620.958,75.58_3
75.58,4,282.166,75.58_4
75.58,5,101.401,75.58_5
75.58,6,50.464,75.58_6
75.58,7,23.093,75.58_7
75.58,8,20.481,75.58_8
75.58,9,57.794,75.58_9
75.59,1,800.421,75.59_1
75.59,10,304.524,75.59_10
75.59,11,744.663,75.59_11
75.59,12,792.686,75.59_12
75.59,2,678.448,75.59_2
75.59,3,651.75,75.59_3
75.59,4,293.206,75.59_4
75.59,5,103.733,75.59_5
75.59,6,51.276,75.59_6
75.59,7,23.637,75.59_7
75.59,8,21.28,75.59_8
75.59,9,59.845,75.59_9
75.6,1,834.179,75.6_1
75.6,10,314.135,75.6_10
75.6,11,770.819,75.6_11
75.6,12,825.327,75.6_12
75.6,2,711.684,75.6_2
75.6,3,684.333,75.6_3
75.6,4,304.932,75.6_4
75.6,5,106.22,75.6_5
75.6,6,52.142,75.6_6
75.6,7,24.217,75.6_7
75.6,8,22.126,75.6_8
75.6,9,62.009,75.6_9
75.61,1,873.039,75.61_1
75.61,10,325.373,75.61_10
75.61,11,800.976,75.61_11
75.61,12,862.984,75.61_12
75.61,2,749.407,75.61_2
75.61,3,721.055,75.61_3
75.61,4,318.67,75.61_4
75.61,5,109.25,75.61_5
75.61,6,53.212,75.61_6
75.61,7,24.957,75.61_7
75.61,8,23.207,75.61_8
75.61,9,64.681,75.61_9
75.62,1,917.003,75.62_1
75.62,10,338.236,75.62_10
75.62,11,835.135,75.62_11
75.62,12,905.658,75.62_12
75.62,2,791.62,75.62_2
75.62,3,761.918,75.62_3
75.62,4,334.42,75.62_4
75.62,5,112.821,75.62_5
75.62,6,54.484,75.62_6
75.62,7,25.856,75.62_7
75.62,8,24.523,75.62_8
75.62,9,67.858,75.62_9
75.63,1,966.07,75.63_1
75.63,10,352.725,75.63_10
75.63,11,873.294,75.63_11
75.63,12,953.349,75.63_12
75.63,2,838.321,75.63_2
75.63,3,806.919,75.63_3
75.63,4,352.18,75.63_4
75.63,5,116.936,75.63_5
75.63,6,55.957,75.63_6
75.63,7,26.916,75.63_7
75.63,8,26.074,75.63_8
75.63,9,71.543,75.63_9
75.64,1,1020.24,75.64_1
75.64,10,368.842,75.64_10
75.64,11,915.455,75.64_11
75.64,12,1006.057,75.64_12
75.64,2,889.513,75.64_2
75.64,3,856.061,75.64_3
75.64,4,371.953,75.64_4
75.64,5,121.592,75.64_5
75.64,6,57.631,75.64_6
75.64,7,28.138,75.64_7
75.64,8,27.861,75.64_8
75.64,9,75.735,75.64_9
75.65,1,1079.514,75.65_1
75.65,10,386.583,75.65_10
75.65,11,961.616,75.65_11
75.65,12,1063.783,75.65_12
75.65,2,945.193,75.65_2
75.65,3,909.343,75.65_3
75.65,4,393.738,75.65_4
75.65,5,126.793,75.65_5
75.65,6,59.507,75.65_6
75.65,7,29.518,75.65_7
75.65,8,29.884,75.65_8
75.65,9,80.433,75.65_9
75.66,1,1143.89,75.66_1
75.66,10,405.951,75.66_10
75.66,11,1011.777,75.66_11
75.66,12,1126.524,75.66_12
75.66,2,1005.362,75.66_2
75.66,3,966.765,75.66_3
75.66,4,417.534,75.66_4
75.66,5,132.533,75.66_5
75.66,6,61.586,75.66_6
75.66,7,31.059,75.66_7
75.66,8,32.142,75.66_8
75.66,9,85.637,75.66_9
75.67,1,1213.37,75.67_1
75.67,10,426.943,75.67_10
75.67,11,1065.941,75.67_11
75.67,12,1194.283,75.67_12
75.67,2,1070.019,75.67_2
75.67,3,1028.327,75.67_3
75.67,4,443.342,75.67_4
75.67,5,138.816,75.67_5
75.67,6,63.866,75.67_6
75.67,7,32.759,75.67_7
75.67,8,34.636,75.67_8
75.67,9,91.349,75.67_9
75.68,1,1287.953,75.68_1
75.68,10,449.562,75.68_10
75.68,11,1124.104,75.68_11
75.68,12,1267.059,75.68_12
75.68,2,1139.166,75.68_2
75.68,3,1094.028,75.68_3
75.68,4,471.162,75.68_4
75.68,5,145.641,75.68_5
75.68,6,66.347,75.68_6
75.68,7,34.621,75.68_7
75.68,8,37.364,75.68_8
75.68,9,97.567,75.68_9
75.69,1,1367.64,75.69_1
75.69,10,473.809,75.69_10
75.69,11,1186.27,75.69_11
75.69,12,1344.85,75.69_12
75.69,2,1212.803,75.69_2
75.69,3,1163.871,75.69_3
75.69,4,500.995,75.69_4
75.69,5,153.008,75.69_5
75.69,6,69.032,75.69_6
75.69,7,36.643,75.69_7
75.69,8,40.327,75.69_8
75.69,9,104.29,75.69_9
75.7,1,1452.43,75.7_1
75.7,10,499.681,75.7_10
75.7,11,1252.437,75.7_11
75.7,12,1427.66,75.7_12
75.7,2,1290.926,75.7_2
75.7,3,1237.853,75.7_3
75.7,4,532.839,75.7_4
75.7,5,160.917,75.7_5
75.7,6,71.918,75.7_6
75.7,7,38.824,75.7_7
75.7,8,43.526,75.7_8
75.7,9,111.523,75.7_9
75.71,1,1541.56,75.71_1
75.71,10,526.854,75.71_10
75.71,11,1321.929,75.71_11
75.71,12,1514.797,75.71_12
75.71,2,1372.833,75.71_2
75.71,3,1315.351,75.71_3
75.71,4,566.365,75.71_4
75.71,5,169.268,75.71_5
75.71,6,74.996,75.71_6
75.71,7,41.124,75.71_7
75.71,8,46.912,75.71_8
75.71,9,119.219,75.71_9
75.72,1,1635.029,75.72_1
75.72,10,555.33,75.72_10
75.72,11,1394.749,75.72_11
75.72,12,1606.264,75.72_12
75.72,2,1458.519,75.72_2
75.72,3,1396.365,75.72_3
75.72,4,601.572,75.72_4
75.72,5,178.059,75.72_5
75.72,6,78.267,75.72_6
75.72,7,43.547,75.72_7
75.72,8,50.485,75.72_8
75.72,9,127.378,75.72_9
75.73,1,1732.837,75.73_1
75.73,10,585.107,75.73_10
75.73,11,1470.894,75.73_11
75.73,12,1702.059,75.73_12
75.73,2,1547.987,75.73_2
75.73,3,1480.897,75.73_3
75.73,4,638.462,75.73_4
75.73,5,187.29,75.73_5
75.73,6,81.731,75.73_6
75.73,7,46.09,75.73_7
75.73,8,54.246,75.73_8
75.73,9,136,75.73_9
75.74,1,1834.984,75.74_1
75.74,10,616.185,75.74_10
75.74,11,1550.367,75.74_11
75.74,12,1802.183,75.74_12
75.74,2,1641.235,75.74_2
75.74,3,1568.946,75.74_3
75.74,4,677.032,75.74_4
75.74,5,196.962,75.74_5
75.74,6,85.387,75.74_6
75.74,7,48.753,75.74_7
75.74,8,58.192,75.74_8
75.74,9,145.086,75.74_9
75.75,1,1941.471,75.75_1
75.75,10,648.564,75.75_10
75.75,11,1633.164,75.75_11
75.75,12,1906.635,75.75_12
75.75,2,1738.263,75.75_2
75.75,3,1660.513,75.75_3
75.75,4,717.282,75.75_4
75.75,5,207.072,75.75_5
75.75,6,89.236,75.75_6
75.75,7,51.538,75.75_7
75.75,8,62.323,75.75_8
75.75,9,154.636,75.75_9
75.76,1,2052.297,75.76_1
75.76,10,682.245,75.76_10
75.76,11,1719.288,75.76_11
75.76,12,2015.416,75.76_12
75.76,2,1839.073,75.76_2
75.76,3,1755.596,75.76_3
75.76,4,759.215,75.76_4
75.76,5,217.623,75.76_5
75.76,6,93.278,75.76_6
75.76,7,54.442,75.76_7
75.76,8,66.641,75.76_8
75.76,9,164.648,75.76_9
75.77,1,2167.463,75.77_1
75.77,10,717.228,75.77_10
75.77,11,1808.739,75.77_11
75.77,12,2128.524,75.77_12
75.77,2,1943.664,75.77_2
75.77,3,1854.196,75.77_3
75.77,4,802.831,75.77_4
75.77,5,228.616,75.77_5
75.77,6,97.513,75.77_6
75.77,7,57.467,75.77_7
75.77,8,71.147,75.77_8
75.77,9,175.123,75.77_9
75.78,1,2286.968,75.78_1
75.78,10,753.512,75.78_10
75.78,11,1901.517,75.78_11
75.78,12,2245.963,75.78_12
75.78,2,2052.036,75.78_2
75.78,3,1956.313,75.78_3
75.78,4,848.128,75.78_4
75.78,5,240.048,75.78_5
75.78,6,101.94,75.78_6
75.78,7,60.612,75.78_7
75.78,8,75.839,75.78_8
75.78,9,186.062,75.78_9
75.79,1,2410.812,75.79_1
75.79,10,791.099,75.79_10
75.79,11,1997.621,75.79_11
75.79,12,2367.728,75.79_12
75.79,2,2164.19,75.79_2
75.79,3,2061.947,75.79_3
75.79,4,895.106,75.79_4
75.79,5,251.922,75.79_5
75.79,6,106.56,75.79_6
75.79,7,63.878,75.79_7
75.79,8,80.718,75.79_8
75.79,9,197.465,75.79_9
75.8,1,2538.996,75.8_1
75.8,10,829.987,75.8_10
75.8,11,2097.051,75.8_11
75.8,12,2493.823,75.8_12
75.8,2,2280.124,75.8_2
75.8,3,2171.096,75.8_3
75.8,4,943.767,75.8_4
75.8,5,264.234,75.8_5
75.8,6,111.372,75.8_6
75.8,7,67.265,75.8_7
75.8,8,85.783,75.8_8
75.8,9,209.332,75.8_9
75.81,1,2671.203,75.81_1
75.81,10,870.179,75.81_10
75.81,11,2199.654,75.81_11
75.81,12,2623.925,75.81_12
75.81,2,2399.413,75.81_2
75.81,3,2283.531,75.81_3
75.81,4,994.319,75.81_4
75.81,5,277.067,75.81_5
75.81,6,116.371,75.81_6
75.81,7,70.824,75.81_7
75.81,8,91.086,75.81_8
75.81,9,221.608,75.81_9
75.82,1,2807.431,75.82_1
75.82,10,911.674,75.82_10
75.82,11,2305.43,75.82_11
75.82,12,2758.035,75.82_12
75.82,2,2522.059,75.82_2
75.82,3,2399.252,75.82_3
75.82,4,1046.764,75.82_4
75.82,5,290.42,75.82_5
75.82,6,121.558,75.82_6
75.82,7,74.553,75.82_7
75.82,8,96.626,75.82_8
75.82,9,234.29,75.82_9
75.83,1,2947.683,75.83_1
75.83,10,954.473,75.83_10
75.83,11,2414.379,75.83_11
75.83,12,2896.151,75.83_12
75.83,2,2648.061,75.83_2
75.83,3,2518.259,75.83_3
75.83,4,1101.099,75.83_4
75.83,5,304.293,75.83_5
75.83,6,126.931,75.83_6
75.83,7,78.453,75.83_7
75.83,8,102.401,75.83_8
75.83,9,247.381,75.83_9
75.84,1,3091.957,75.84_1
75.84,10,998.576,75.84_10
75.84,11,2526.499,75.84_11
75.84,12,3038.277,75.84_12
75.84,2,2777.418,75.84_2
75.84,3,2640.55,75.84_3
75.84,4,1157.328,75.84_4
75.84,5,318.686,75.84_5
75.84,6,132.491,75.84_6
75.84,7,82.524,75.84_7
75.84,8,108.413,75.84_8
75.84,9,260.88,75.84_9
75.85,1,3240.254,75.85_1
75.85,10,1043.984,75.85_10
75.85,11,2641.792,75.85_11
75.85,12,3184.41,75.85_12
75.85,2,2910.132,75.85_2
75.85,3,2766.125,75.85_3
75.85,4,1215.448,75.85_4
75.85,5,333.601,75.85_5
75.85,6,138.238,75.85_6
75.85,7,86.768,75.85_7
75.85,8,114.661,75.85_8
75.85,9,274.788,75.85_9
75.86,1,3392.573,75.86_1
75.86,10,1090.696,75.86_10
75.86,11,2760.257,75.86_11
75.86,12,3334.552,75.86_12
75.86,2,3046.201,75.86_2
75.86,3,2894.985,75.86_3
75.86,4,1275.461,75.86_4
75.86,5,349.035,75.86_5
75.86,6,144.172,75.86_6
75.86,7,91.182,75.86_7
75.86,8,121.146,75.86_8
75.86,9,289.105,75.86_9
75.87,1,3548.916,75.87_1
75.87,10,1138.711,75.87_10
75.87,11,2881.896,75.87_11
75.87,12,3488.701,75.87_12
75.87,2,3185.627,75.87_2
75.87,3,3027.131,75.87_3
75.87,4,1337.366,75.87_4
75.87,5,364.989,75.87_5
75.87,6,150.294,75.87_6
75.87,7,95.767,75.87_7
75.87,8,127.867,75.87_8
75.87,9,303.827,75.87_9
75.88,1,3709.282,75.88_1
75.88,10,1188.029,75.88_10
75.88,11,3006.706,75.88_11
75.88,12,3646.856,75.88_12
75.88,2,3328.409,75.88_2
75.88,3,3162.564,75.88_3
75.88,4,1401.162,75.88_4
75.88,5,381.464,75.88_5
75.88,6,156.602,75.88_6
75.88,7,100.523,75.88_7
75.88,8,134.824,75.88_8
75.88,9,318.959,75.88_9
75.89,1,3873.67,75.89_1
75.89,10,1238.652,75.89_10
75.89,11,3134.69,75.89_11
75.89,12,3809.02,75.89_12
75.89,2,3474.547,75.89_2
75.89,3,3301.281,75.89_3
75.89,4,1466.849,75.89_4
75.89,5,398.459,75.89_5
75.89,6,163.097,75.89_6
75.89,7,105.451,75.89_7
75.89,8,142.018,75.89_8
75.89,9,334.499,75.89_9
75.9,1,4042.082,75.9_1
75.9,10,1290.579,75.9_10
75.9,11,3265.845,75.9_11
75.9,12,3975.19,75.9_12
75.9,2,3624.04,75.9_2
75.9,3,3443.282,75.9_3
75.9,4,1534.429,75.9_4
75.9,5,415.975,75.9_5
75.9,6,169.778,75.9_6
75.9,7,110.55,75.9_7
75.9,8,149.447,75.9_8
75.9,9,350.447,75.9_9
75.91,1,4212.804,75.91_1
75.91,10,1343.123,75.91_10
75.91,11,3398.676,75.91_11
75.91,12,4143.732,75.91_12
75.91,2,3775.309,75.91_2
75.91,3,3586.805,75.91_3
75.91,4,1602.875,75.91_4
75.91,5,433.714,75.91_5
75.91,6,176.543,75.91_6
75.91,7,115.724,75.91_7
75.91,8,156.966,75.91_8
75.91,9,366.579,75.91_9
75.92,1,4385.837,75.92_1
75.92,10,1396.284,75.92_10
75.92,11,3533.184,75.92_11
75.92,12,4314.645,75.92_12
75.92,2,3928.353,75.92_2
75.92,3,3731.851,75.92_3
75.92,4,1672.189,75.92_4
75.92,5,451.677,75.92_5
75.92,6,183.39,75.92_6
75.92,7,120.972,75.92_7
75.92,8,164.573,75.92_8
75.92,9,382.894,75.92_9
75.93,1,4561.181,75.93_1
75.93,10,1450.063,75.93_10
75.93,11,3669.369,75.93_11
75.93,12,4487.93,75.93_12
75.93,2,4083.172,75.93_2
75.93,3,3878.418,75.93_3
75.93,4,1742.368,75.93_4
75.93,5,469.865,75.93_5
75.93,6,190.322,75.93_6
75.93,7,126.295,75.93_7
75.93,8,172.265,75.93_8
75.93,9,399.394,75.93_9
75.94,1,4738.838,75.94_1
75.94,10,1504.459,75.94_10
75.94,11,3807.23,75.94_11
75.94,12,4663.587,75.94_12
75.94,2,4239.766,75.94_2
75.94,3,4026.506,75.94_3
75.94,4,1813.415,75.94_4
75.94,5,488.276,75.94_5
75.94,6,197.336,75.94_6
75.94,7,131.693,75.94_7
75.94,8,180.045,75.94_8
75.94,9,416.076,75.94_9
75.95,1,4918.805,75.95_1
75.95,10,1559.474,75.95_10
75.95,11,3946.768,75.95_11
75.95,12,4841.617,75.95_12
75.95,2,4398.136,75.95_2
75.95,3,4176.116,75.95_3
75.95,4,1885.328,75.95_4
75.95,5,506.912,75.95_5
75.95,6,204.434,75.95_6
75.95,7,137.166,75.95_7
75.95,8,187.911,75.95_8
75.95,9,432.943,75.95_9
75.96,1,5101.084,75.96_1
75.96,10,1615.105,75.96_10
75.96,11,4087.982,75.96_11
75.96,12,5022.018,75.96_12
75.96,2,4558.282,75.96_2
75.96,3,4327.249,75.96_3
75.96,4,1958.108,75.96_4
75.96,5,525.772,75.96_5
75.96,6,211.615,75.96_6
75.96,7,142.714,75.96_7
75.96,8,195.865,75.96_8
75.96,9,449.994,75.96_9
75.97,1,5285.673,75.97_1
75.97,10,1671.355,75.97_10
75.97,11,4230.872,75.97_11
75.97,12,5204.792,75.97_12
75.97,2,4720.201,75.97_2
75.97,3,4479.903,75.97_3
75.97,4,2031.755,75.97_4
75.97,5,544.856,75.97_5
75.97,6,218.881,75.97_6
75.97,7,148.338,75.97_7
75.97,8,203.907,75.97_8
75.97,9,467.229,75.97_9
75.98,1,5472.574,75.98_1
75.98,10,1728.221,75.98_10
75.98,11,4375.439,75.98_11
75.98,12,5389.936,75.98_12
75.98,2,4883.897,75.98_2
75.98,3,4634.08,75.98_3
75.98,4,2106.27,75.98_4
75.98,5,564.162,75.98_5
75.98,6,226.227,75.98_6
75.98,7,154.037,75.98_7
75.98,8,212.037,75.98_8
75.98,9,484.647,75.98_9
75.99,1,5661.786,75.99_1
75.99,10,1785.705,75.99_10
75.99,11,4521.683,75.99_11
75.99,12,5577.453,75.99_12
75.99,2,5049.367,75.99_2
75.99,3,4789.777,75.99_3
75.99,4,2181.651,75.99_4
75.99,5,583.694,75.99_5
75.99,6,233.658,75.99_6
75.99,7,159.809,75.99_7
75.99,8,220.254,75.99_8
75.99,9,502.248,75.99_9
76,1,5853.309,76_1
76,10,1843.806,76_10
76,11,4669.603,76_11
76,12,5767.341,76_12
76,2,5216.613,76_2
76,3,4946.997,76_3
76,4,2257.898,76_4
76,5,603.45,76_5
76,6,241.172,76_6
76,7,165.657,76_7
76,8,228.558,76_8
76,9,520.034,76_9
76.01,1,6045.811,76.01_1
76.01,10,1902.314,76.01_10
76.01,11,4818.347,76.01_11
76.01,12,5958.128,76.01_12
76.01,2,5384.501,76.01_2
76.01,3,5104.577,76.01_3
76.01,4,2334.384,76.01_4
76.01,5,623.317,76.01_5
76.01,6,248.695,76.01_6
76.01,7,171.522,76.01_7
76.01,8,236.94,76.01_8
76.01,9,538.01,76.01_9
76.02,1,6239.293,76.02_1
76.02,10,1961.23,76.02_10
76.02,11,4967.917,76.02_11
76.02,12,6149.816,76.02_12
76.02,2,5553.032,76.02_2
76.02,3,5262.519,76.02_3
76.02,4,2411.11,76.02_4
76.02,5,643.295,76.02_5
76.02,6,256.226,76.02_6
76.02,7,177.408,76.02_7
76.02,8,245.4,76.02_8
76.02,9,556.176,76.02_9
76.03,1,6433.753,76.03_1
76.03,10,2020.552,76.03_10
76.03,11,5118.312,76.03_11
76.03,12,6342.405,76.03_12
76.03,2,5722.206,76.03_2
76.03,3,5420.821,76.03_3
76.03,4,2488.076,76.03_4
76.03,5,663.384,76.03_5
76.03,6,263.767,76.03_6
76.03,7,183.312,76.03_7
76.03,8,253.938,76.03_8
76.03,9,574.533,76.03_9
76.04,1,6629.191,76.04_1
76.04,10,2080.281,76.04_10
76.04,11,5269.532,76.04_11
76.04,12,6535.895,76.04_12
76.04,2,5892.022,76.04_2
76.04,3,5579.482,76.04_3
76.04,4,2565.28,76.04_4
76.04,5,683.586,76.04_5
76.04,6,271.316,76.04_6
76.04,7,189.235,76.04_7
76.04,8,262.555,76.04_8
76.04,9,593.079,76.04_9
76.05,1,6825.607,76.05_1
76.05,10,2140.416,76.05_10
76.05,11,5421.578,76.05_11
76.05,12,6730.285,76.05_12
76.05,2,6062.481,76.05_2
76.05,3,5738.504,76.05_3
76.05,4,2642.724,76.05_4
76.05,5,703.899,76.05_5
76.05,6,278.875,76.05_6
76.05,7,195.176,76.05_7
76.05,8,271.249,76.05_8
76.05,9,611.817,76.05_9
76.06,1,7023.001,76.06_1
76.06,10,2200.958,76.06_10
76.06,11,5574.448,76.06_11
76.06,12,6925.576,76.06_12
76.06,2,6233.584,76.06_2
76.06,3,5897.888,76.06_3
76.06,4,2720.407,76.06_4
76.06,5,724.323,76.06_5
76.06,6,286.442,76.06_6
76.06,7,201.135,76.06_7
76.06,8,280.023,76.06_8
76.06,9,630.746,76.06_9
76.07,1,7221.374,76.07_1
76.07,10,2261.905,76.07_10
76.07,11,5728.144,76.07_11
76.07,12,7121.768,76.07_12
76.07,2,6405.331,76.07_2
76.07,3,6057.633,76.07_3
76.07,4,2798.329,76.07_4
76.07,5,744.859,76.07_5
76.07,6,294.018,76.07_6
76.07,7,207.113,76.07_7
76.07,8,288.874,76.07_8
76.07,9,649.866,76.07_9
76.08,1,7420.725,76.08_1
76.08,10,2323.259,76.08_10
76.08,11,5882.664,76.08_11
76.08,12,7318.859,76.08_12
76.08,2,6577.719,76.08_2
76.08,3,6217.737,76.08_3
76.08,4,2876.49,76.08_4
76.08,5,765.506,76.08_5
76.08,6,301.602,76.08_6
76.08,7,213.11,76.08_7
76.08,8,297.804,76.08_8
76.08,9,669.177,76.08_9
76.09,1,7621.054,76.09_1
76.09,10,2385.019,76.09_10
76.09,11,6038.01,76.09_11
76.09,12,7516.85,76.09_12
76.09,2,6750.751,76.09_2
76.09,3,6378.202,76.09_3
76.09,4,2954.891,76.09_4
76.09,5,786.265,76.09_5
76.09,6,309.197,76.09_6
76.09,7,219.125,76.09_7
76.09,8,306.813,76.09_8
76.09,9,688.679,76.09_9
76.1,1,7822.361,76.1_1
76.1,10,2447.186,76.1_10
76.1,11,6194.181,76.1_11
76.1,12,7715.742,76.1_12
76.1,2,6924.425,76.1_2
76.1,3,6539.028,76.1_3
76.1,4,3033.532,76.1_4
76.1,5,807.134,76.1_5
76.1,6,316.801,76.1_6
76.1,7,225.157,76.1_7
76.1,8,315.9,76.1_8
76.1,9,708.37,76.1_9
76.11,1,8024.735,76.11_1
76.11,10,2509.814,76.11_10
76.11,11,6351.512,76.11_11
76.11,12,7915.899,76.11_12
76.11,2,7098.844,76.11_2
76.11,3,6700.417,76.11_3
76.11,4,3112.674,76.11_4
76.11,5,828.122,76.11_5
76.11,6,324.439,76.11_6
76.11,7,231.235,76.11_7
76.11,8,325.059,76.11_8
76.11,9,728.208,76.11_9
76.12,1,8228.175,76.12_1
76.12,10,2572.903,76.12_10
76.12,11,6510.005,76.12_11
76.12,12,8117.32,76.12_12
76.12,2,7274.009,76.12_2
76.12,3,6862.374,76.12_3
76.12,4,3192.318,76.12_4
76.12,5,849.227,76.12_5
76.12,6,332.11,76.12_6
76.12,7,237.356,76.12_7
76.12,8,334.289,76.12_8
76.12,9,748.191,76.12_9
76.13,1,8432.681,76.13_1
76.13,10,2636.455,76.13_10
76.13,11,6669.659,76.13_11
76.13,12,8320.005,76.13_12
76.13,2,7449.919,76.13_2
76.13,3,7024.896,76.13_3
76.13,4,3272.463,76.13_4
76.13,5,870.45,76.13_5
76.13,6,339.817,76.13_6
76.13,7,243.52,76.13_7
76.13,8,343.589,76.13_8
76.13,9,768.321,76.13_9
76.14,1,8638.254,76.14_1
76.14,10,2700.467,76.14_10
76.14,11,6830.473,76.14_11
76.14,12,8523.955,76.14_12
76.14,2,7626.575,76.14_2
76.14,3,7187.983,76.14_3
76.14,4,3353.11,76.14_4
76.14,5,891.79,76.14_5
76.14,6,347.558,76.14_6
76.14,7,249.729,76.14_7
76.14,8,352.96,76.14_8
76.14,9,788.595,76.14_9
76.15,1,8844.894,76.15_1
76.15,10,2764.94,76.15_10
76.15,11,6992.449,76.15_11
76.15,12,8729.168,76.15_12
76.15,2,7803.977,76.15_2
76.15,3,7351.635,76.15_3
76.15,4,3434.26,76.15_4
76.15,5,913.249,76.15_5
76.15,6,355.333,76.15_6
76.15,7,255.981,76.15_7
76.15,8,362.403,76.15_8
76.15,9,809.016,76.15_9
76.16,1,9052.601,76.16_1
76.16,10,2829.875,76.16_10
76.16,11,7155.584,76.16_11
76.16,12,8935.645,76.16_12
76.16,2,7982.123,76.16_2
76.16,3,7515.85,76.16_3
76.16,4,3515.91,76.16_4
76.16,5,934.826,76.16_5
76.16,6,363.142,76.16_6
76.16,7,262.275,76.16_7
76.16,8,371.916,76.16_8
76.16,9,829.581,76.16_9
76.17,1,9261.375,76.17_1
76.17,10,2895.271,76.17_10
76.17,11,7319.881,76.17_11
76.17,12,9143.387,76.17_12
76.17,2,8161.015,76.17_2
76.17,3,7680.632,76.17_3
76.17,4,3598.063,76.17_4
76.17,5,956.519,76.17_5
76.17,6,370.986,76.17_6
76.17,7,268.613,76.17_7
76.17,8,381.501,76.17_8
76.17,9,850.293,76.17_9
76.18,1,9471.214,76.18_1
76.18,10,2961.129,76.18_10
76.18,11,7485.339,76.18_11
76.18,12,9352.394,76.18_12
76.18,2,8340.651,76.18_2
76.18,3,7845.978,76.18_3
76.18,4,3680.717,76.18_4
76.18,5,978.33,76.18_5
76.18,6,378.865,76.18_6
76.18,7,274.995,76.18_7
76.18,8,391.156,76.18_8
76.18,9,871.15,76.18_9
76.19,1,9682.119,76.19_1
76.19,10,3027.447,76.19_10
76.19,11,7651.957,76.19_11
76.19,12,9562.665,76.19_12
76.19,2,8521.034,76.19_2
76.19,3,8011.89,76.19_3
76.19,4,3763.872,76.19_4
76.19,5,1000.259,76.19_5
76.19,6,386.778,76.19_6
76.19,7,281.42,76.19_7
76.19,8,400.882,76.19_8
76.19,9,892.154,76.19_9
76.2,1,9894.091,76.2_1
76.2,10,3094.226,76.2_10
76.2,11,7819.736,76.2_11
76.2,12,9774.2,76.2_12
76.2,2,8702.162,76.2_2
76.2,3,8178.366,76.2_3
76.2,4,3847.53,76.2_4
76.2,5,1022.306,76.2_5
76.2,6,394.723,76.2_6
76.2,7,287.889,76.2_7
76.2,8,410.679,76.2_8
76.2,9,913.304,76.2_9