waterLevel,4,5,6,7,8,9,10,11
69.59,2295513.07,3173725.77,5733417.47,8526877.01,8667564.21,5991889.29,2629812.58,1355594.06
69.6,2295210.9,3173403.45,5732886.99,8526168.58,8666835.63,5991315.16,2629533.91,1355473.2
69.61,2295009.45,3173188.57,5732533.34,8525696.3,8666349.92,5990932.41,2629348.13,1355392.62
69.62,2294808,3172973.69,5732179.68,8525224.01,8665864.2,5990549.66,2629162.35,1355312.04
69.63,2294606.55,3172758.82,5731826.03,8524751.73,8665378.49,5990166.91,2628976.57,1355231.46
69.64,2294425.25,3172565.43,5731507.74,8524326.67,8664941.34,5989822.43,2628809.37,1355158.94
69.65,2294243.94,3172372.03,5731189.45,8523901.61,8664504.2,5989477.95,2628642.17,1355086.41
69.66,2294062.64,3172178.64,5730871.16,8523476.55,8664067.06,5989133.47,2628474.96,1355013.89
69.67,2293922.56,3172029.23,5730625.25,8523148.15,8663729.32,5988867.33,2628345.78,1354957.86
69.68,2293782.49,3171879.81,5730379.34,8522819.75,8663391.58,5988601.18,2628216.6,1354901.83
69.69,2293642.41,3171730.4,5730133.43,8522491.35,8663053.84,5988335.04,2628087.42,1354845.8
69.7,2293502.33,3171580.98,5729887.51,8522162.95,8662716.1,5988068.89,2627958.24,1354789.77
69.71,2293293.63,3171358.36,5729521.12,8521673.65,8662212.88,5987672.35,2627765.76,1354706.29
69.72,2293084.92,3171135.74,5729154.72,8521184.34,8661709.66,5987275.8,2627573.29,1354622.8
69.73,2292770.1,3170799.94,5728602.04,8520446.28,8660950.61,5986677.66,2627282.96,1354496.88
69.74,2292455.29,3170464.14,5728049.37,8519708.21,8660191.56,5986079.51,2626992.63,1354370.95
69.75,2292140.47,3170128.33,5727496.69,8518970.14,8659432.5,5985481.36,2626702.3,1354245.03
69.76,2291862.2,3169831.5,5727008.16,8518317.74,8658761.54,5984952.63,2626445.67,1354133.72
69.77,2291583.92,3169534.68,5726519.63,8517665.33,8658090.59,5984423.91,2626189.03,1354022.4
69.78,2291305.64,3169237.85,5726031.1,8517012.93,8657419.63,5983895.18,2625932.4,1353911.09
69.79,2291184.77,3169108.92,5725818.91,8516729.56,8657128.2,5983665.53,2625820.93,1353862.75
69.8,2291063.9,3168979.99,5725606.72,8516446.19,8656836.77,5983435.88,2625709.46,1353814.4
69.81,2290943.03,3168851.07,5725394.52,8516162.82,8656545.34,5983206.22,2625598,1353766.05
69.82,2290822.16,3168722.14,5725182.33,8515879.44,8656253.91,5982976.57,2625486.53,1353717.7
69.83,2290610.64,3168496.52,5724810.99,8515383.54,8655743.91,5982574.68,2625291.46,1353633.09
69.84,2290399.12,3168270.89,5724439.66,8514887.64,8655233.91,5982172.79,2625096.39,1353548.49
69.85,2290202.71,3168061.39,5724094.84,8514427.17,8654760.34,5981799.61,2624915.25,1353469.92
69.86,2290006.3,3167851.88,5723750.03,8513966.69,8654286.77,5981426.42,2624734.12,1353391.36
69.87,2289809.88,3167642.37,5723405.22,8513506.21,8653813.19,5981053.24,2624552.98,1353312.79
69.88,2289613.47,3167432.87,5723060.4,8513045.73,8653339.62,5980680.06,2624371.84,1353234.23
69.89,2289311.3,3167110.55,5722529.92,8512337.3,8652611.05,5980105.93,2624093.17,1353113.36
69.9,2289009.13,3166788.23,5721999.44,8511628.87,8651882.48,5979531.8,2623814.5,1352992.49
69.91,2288706.95,3166465.91,5721468.96,8510920.45,8651153.9,5978957.67,2623535.83,1352871.62
69.92,2288586.08,3166336.98,5721256.76,8510637.07,8650862.47,5978728.02,2623424.36,1352823.27
69.93,2288465.21,3166208.06,5721044.57,8510353.7,8650571.04,5978498.37,2623312.89,1352774.92
69.94,2288344.34,3166079.13,5720832.38,8510070.33,8650279.61,5978268.71,2623201.43,1352726.57
69.95,2288223.47,3165950.2,5720620.19,8509786.96,8649988.19,5978039.06,2623089.96,1352678.23
69.96,2288102.61,3165821.28,5720407.99,8509503.59,8649696.76,5977809.41,2622978.49,1352629.88
69.97,2287981.74,3165692.35,5720195.8,8509220.22,8649405.33,5977579.76,2622867.02,1352581.53
69.98,2287860.87,3165563.42,5719983.61,8508936.85,8649113.9,5977350.11,2622755.55,1352533.18
69.99,2287740,3165434.49,5719771.42,8508653.48,8648822.47,5977120.46,2622644.08,1352484.84
70,2287619.13,3165305.57,5719559.22,8508370.1,8648531.04,5976890.8,2622532.62,1352436.49
70.01,2287478.11,3165155.15,5719311.66,8508039.5,8648191.04,5976622.88,2622402.57,1352380.08
70.02,2287337.1,3165004.74,5719064.11,8507708.9,8647851.04,5976354.95,2622272.52,1352323.68
70.03,2287196.09,3164854.32,5718816.55,8507378.3,8647511.04,5976087.02,2622142.48,1352267.27
70.04,2286912.72,3164552.07,5718319.09,8506713.97,8646827.81,5975548.63,2621881.15,1352153.93
70.05,2286629.36,3164249.81,5717821.62,8506049.64,8646144.59,5975010.24,2621619.83,1352040.58
70.06,2286531.1,3164145,5717649.13,8505819.28,8645907.68,5974823.55,2621529.21,1352001.28
70.07,2286432.84,3164040.19,5717476.63,8505588.92,8645670.77,5974636.86,2621438.6,1351961.97
70.08,2286334.58,3163935.39,5717304.13,8505358.56,8645433.86,5974450.17,2621347.98,1351922.67
70.09,2286236.33,3163830.58,5717131.64,8505128.2,8645196.95,5974263.48,2621257.37,1351883.37
70.1,2286138.07,3163725.77,5716959.14,8504897.84,8644960.04,5974076.79,2621166.75,1351844.06
70.11,2286039.81,3163620.96,5716786.64,8504667.48,8644723.13,5973890.1,2621076.13,1351804.76
70.12,2286002.66,3163581.33,5716721.42,8504580.37,8644633.54,5973819.51,2621041.87,1351789.9
70.13,2285965.5,3163541.7,5716656.19,8504493.27,8644543.96,5973748.91,2621007.6,1351775.04
70.14,2285928.35,3163502.07,5716590.96,8504406.16,8644454.37,5973678.32,2620973.34,1351760.18
70.15,2285891.19,3163462.43,5716525.73,8504319.05,8644364.79,5973607.72,2620939.07,1351745.31
70.16,2284662.28,3162756.16,5716071.49,8504181.22,8643520.97,5972793.95,2620182.78,1351721.8
70.17,2283433.36,3162049.88,5715617.24,8504043.39,8642677.14,5971980.17,2619426.49,1351698.28
70.18,2282204.45,3161343.6,5715162.99,8503905.56,8641833.32,5971166.39,2618670.2,1351674.77
70.19,2282126.37,3161260.32,5715025.93,8503722.53,8641645.08,5971018.06,2618598.2,1351643.54
70.2,2282048.3,3161177.05,5714888.87,8503539.49,8641456.84,5970869.72,2618526.2,1351612.31
70.21,2281970.23,3161093.77,5714751.81,8503356.46,8641268.6,5970721.39,2618454.2,1351581.08
70.22,2281892.16,3161010.49,5714614.76,8503173.42,8641080.36,5970573.05,2618382.2,1351549.85
70.23,2281814.09,3160927.22,5714477.7,8502990.39,8640892.12,5970424.71,2618310.2,1351518.62
70.24,2281720.57,3160827.47,5714313.52,8502771.14,8640666.64,5970247.03,2618223.96,1351481.22
70.25,2281627.05,3160727.71,5714149.35,8502551.9,8640441.16,5970069.35,2618137.71,1351443.81
70.26,2281536.4,3160631.02,5713990.2,8502339.37,8640222.59,5969897.11,2618054.11,1351407.55
70.27,2281445.75,3160534.32,5713831.06,8502126.84,8640004.02,5969724.87,2617970.51,1351371.29
70.28,2281306.38,3160385.66,5713586.39,8501800.09,8639667.98,5969460.07,2617841.98,1351315.54
70.29,2281167.01,3160237,5713341.72,8501473.35,8639331.94,5969195.27,2617713.45,1351259.79
70.3,2281027.64,3160088.34,5713097.04,8501146.61,8638995.91,5968930.46,2617584.92,1351204.04
70.31,2280930.05,3159984.24,5712925.72,8500917.81,8638760.61,5968745.04,2617494.92,1351165.01
70.32,2280832.46,3159880.15,5712754.4,8500689.02,8638525.31,5968559.62,2617404.92,1351125.97
70.33,2280734.87,3159776.05,5712583.07,8500460.23,8638290.01,5968374.2,2617314.92,1351086.94
70.34,2280637.28,3159671.96,5712411.75,8500231.43,8638054.71,5968188.78,2617224.92,1351047.9
70.35,2280466.99,3159490.31,5712112.79,8499832.19,8637644.11,5967865.23,2617067.87,1350979.78
70.36,2280296.69,3159308.66,5711813.83,8499432.94,8637233.52,5967541.67,2616910.83,1350911.67
70.37,2279954.23,3158943.37,5711212.62,8498630.06,8636407.8,5966890.99,2616595,1350774.68
70.38,2279611.77,3158578.08,5710611.4,8497827.17,8635582.08,5966240.31,2616279.17,1350637.69
70.39,2279269.31,3158212.78,5710010.19,8497024.29,8634756.37,5965589.63,2615963.35,1350500.71
70.4,2279156.61,3158092.57,5709812.34,8496760.07,8634484.64,5965375.5,2615859.41,1350455.63
70.41,2279043.91,3157972.36,5709614.49,8496495.86,8634212.91,5965161.38,2615755.48,1350410.55
70.42,2278931.21,3157852.15,5709416.65,8496231.64,8633941.18,5964947.25,2615651.55,1350365.47
70.43,2278818.51,3157731.94,5709218.8,8495967.43,8633669.46,5964733.12,2615547.61,1350320.39
70.44,2278686.71,3157591.35,5708987.42,8495658.43,8633351.68,5964482.71,2615426.07,1350267.67
70.45,2278554.92,3157450.77,5708756.04,8495349.44,8633033.9,5964232.29,2615304.52,1350214.95
70.46,2278423.12,3157310.18,5708524.66,8495040.45,8632716.12,5963981.87,2615182.97,1350162.23
70.47,2278316.07,3157196,5708336.74,8494789.49,8632458.02,5963778.49,2615084.25,1350119.42
70.48,2278209.03,3157081.82,5708148.81,8494538.52,8632199.92,5963575.1,2614985.53,1350076.6
70.49,2278034.61,3156895.77,5707842.61,8494129.61,8631779.38,5963243.71,2614824.68,1350006.83
70.5,2277860.19,3156709.73,5707536.41,8493720.7,8631358.84,5962912.31,2614663.83,1349937.06
70.51,2277685.77,3156523.68,5707230.21,8493311.79,8630938.3,5962580.92,2614502.98,1349867.3
70.52,2277511.36,3156337.64,5706924.01,8492902.87,8630517.76,5962249.53,2614342.13,1349797.53
70.53,2277192.74,3155997.78,5706364.66,8492155.89,8629749.53,5961644.15,2614048.29,1349670.08
70.54,2276874.12,3155657.92,5705805.31,8491408.91,8628981.31,5961038.78,2613754.45,1349542.64
70.55,2276804.08,3155583.21,5705682.35,8491244.71,8628812.44,5960905.7,2613689.86,1349514.62
70.56,2276734.04,3155508.5,5705559.4,8491080.51,8628643.57,5960772.63,2613625.27,1349486.61
70.57,2276664.01,3155433.8,5705436.44,8490916.31,8628474.7,5960639.56,2613560.68,1349458.59
70.58,2276593.97,3155359.09,5705313.49,8490752.11,8628305.83,5960506.49,2613496.09,1349430.57
70.59,2276449.91,3155205.43,5705060.59,8490414.37,8627958.5,5960232.78,2613363.24,1349372.95
70.6,2276305.86,3155051.77,5704807.69,8490076.64,8627611.16,5959959.07,2613230.39,1349315.33
70.61,2276161.8,3154898.11,5704554.79,8489738.91,8627263.82,5959685.37,2613097.53,1349257.71
70.62,2276017.74,3154744.45,5704301.89,8489401.18,8626916.49,5959411.66,2612964.68,1349200.08
70.63,2275873.69,3154590.79,5704048.99,8489063.45,8626569.15,5959137.95,2612831.83,1349142.46
70.64,2275813.25,3154526.32,5703942.9,8488921.76,8626423.44,5959023.13,2612776.1,1349118.29
70.65,2275662.16,3154365.17,5703677.65,8488567.55,8626059.15,5958736.06,2612636.76,1349057.85
70.66,2275511.08,3154204.01,5703412.41,8488213.33,8625694.86,5958449,2612497.42,1348997.42
70.67,2275349.92,3154032.1,5703129.49,8487835.5,8625306.29,5958142.79,2612348.8,1348932.95
70.68,2275188.76,3153860.2,5702846.57,8487457.67,8624917.72,5957836.59,2612200.18,1348868.49
70.69,2275027.6,3153688.3,5702563.64,8487079.85,8624529.15,5957530.39,2612051.55,1348804.03
70.7,2274711.55,3153351.18,5702008.8,8486338.89,8623767.12,5956929.9,2611760.08,1348677.61
70.71,2274395.5,3153014.06,5701453.96,8485597.93,8623005.09,5956329.41,2611468.62,1348551.19
70.72,2274079.46,3152676.94,5700899.12,8484856.97,8622243.06,5955728.91,2611177.15,1348424.77
70.73,2273763.41,3152339.82,5700344.28,8484116.01,8621481.03,5955128.42,2610885.68,1348298.35
70.74,2273576.4,3152140.35,5700015.98,8483677.58,8621030.14,5954773.11,2610713.22,1348223.55
70.75,2273389.39,3151940.87,5699687.67,8483239.15,8620579.24,5954417.79,2610540.76,1348148.74
70.76,2273202.38,3151741.4,5699359.37,8482800.72,8620128.34,5954062.47,2610368.29,1348073.94
70.77,2273015.37,3151541.92,5699031.07,8482362.29,8619677.44,5953707.16,2610195.83,1347999.14
70.78,2272910.85,3151430.43,5698847.56,8482117.23,8619425.42,5953508.56,2610099.43,1347957.33
70.79,2272806.32,3151318.93,5698664.06,8481872.18,8619173.39,5953309.96,2610003.04,1347915.52
70.8,2272586.37,3151084.32,5698277.93,8481356.52,8618643.07,5952892.05,2609800.19,1347827.54
70.81,2272366.42,3150849.71,5697891.79,8480840.86,8618112.75,5952474.15,2609597.35,1347739.56
70.82,2272146.47,3150615.09,5697505.66,8480325.2,8617582.42,5952056.24,2609394.51,1347651.58
70.83,2271563.91,3149993.7,5696482.95,8478959.43,8616177.81,5950949.39,2608857.26,1347418.55
70.84,2270981.36,3149372.31,5695460.24,8477593.65,8614773.2,5949842.53,2608320.02,1347185.53
70.85,2270398.8,3148750.91,5694437.53,8476227.88,8613368.59,5948735.67,2607782.77,1346952.51
70.86,2270217.5,3148557.52,5694119.24,8475802.82,8612931.45,5948391.19,2607615.57,1346879.99
70.87,2270036.19,3148364.13,5693800.95,8475377.77,8612494.31,5948046.71,2607448.36,1346807.46
70.88,2269854.89,3148170.74,5693482.66,8474952.71,8612057.16,5947702.24,2607281.16,1346734.94
70.89,2269310.98,3147590.57,5692527.79,8473677.54,8610745.73,5946668.8,2606779.55,1346517.38
70.9,2268767.07,3147010.39,5691572.92,8472402.37,8609434.3,5945635.37,2606277.95,1346299.81
70.91,2268223.15,3146430.22,5690618.06,8471127.2,8608122.87,5944601.94,2605776.34,1346082.25
70.92,2267623.74,3145790.85,5689565.75,8469721.91,8606677.62,5943463.06,2605223.55,1345842.48
70.93,2267024.33,3145151.47,5688513.45,8468316.62,8605232.37,5942324.17,2604670.75,1345602.72
70.94,2266424.91,3144512.1,5687461.15,8466911.33,8603787.11,5941185.29,2604117.96,1345362.95
70.95,2265644.2,3143679.33,5686090.56,8465080.98,8601904.72,5939701.92,2603397.97,1345050.67
70.96,2264863.48,3142846.57,5684719.97,8463250.63,8600022.32,5938218.56,2602677.97,1344738.38
70.97,2264082.76,3142013.81,5683349.37,8461420.28,8598139.93,5936735.2,2601957.98,1344426.09
70.98,2263657.53,3141560.22,5682602.85,8460423.34,8597114.64,5935927.25,2601565.82,1344256
70.99,2263232.29,3141106.64,5681856.33,8459426.4,8596089.35,5935119.31,2601173.66,1344085.9
71,2262807.06,3140653.05,5681109.8,8458429.46,8595064.06,5934311.36,2600781.5,1343915.81
71.01,2262630.69,3140464.92,5680800.17,8458015.97,8594638.81,5933976.26,2600618.84,1343845.26
71.02,2262454.32,3140276.8,5680490.55,8457602.48,8594213.56,5933641.15,2600456.19,1343774.71
71.03,2262277.95,3140088.67,5680180.92,8457188.99,8593788.32,5933306.05,2600293.54,1343704.17
71.04,2262101.58,3139900.54,5679871.29,8456775.5,8593363.07,5932970.94,2600130.88,1343633.62
71.05,2262013.39,3139806.47,5679716.48,8456568.76,8593150.44,5932803.39,2600049.56,1343598.34
71.06,2261925.21,3139712.41,5679561.66,8456362.01,8592937.82,5932635.84,2599968.23,1343563.07
71.07,2261792.93,3139571.31,5679329.44,8456051.89,8592618.88,5932384.51,2599846.24,1343510.16
71.08,2261660.65,3139430.22,5679097.22,8455741.77,8592299.94,5932133.18,2599724.25,1343457.25
71.09,2261528.37,3139289.12,5678865,8455431.66,8591981.01,5931881.86,2599602.26,1343404.34
71.1,2261396.1,3139148.02,5678632.78,8455121.54,8591662.07,5931630.53,2599480.27,1343351.43
71.11,2261249.12,3138991.25,5678374.75,8454776.96,8591307.7,5931351.28,2599344.73,1343292.64
71.12,2261102.14,3138834.48,5678116.73,8454432.39,8590953.32,5931072.02,2599209.19,1343233.84
71.13,2260955.17,3138677.7,5677858.71,8454087.81,8590598.95,5930792.77,2599073.64,1343175.05
71.14,2260924.64,3138645.14,5677805.12,8454016.25,8590525.35,5930734.77,2599045.49,1343162.84
71.15,2260894.12,3138612.58,5677751.53,8453944.68,8590451.75,5930676.77,2599017.34,1343150.63
71.16,2260863.59,3138580.02,5677697.94,8453873.11,8590378.15,5930618.77,2598989.19,1343138.42
71.17,2260833.07,3138547.46,5677644.35,8453801.55,8590304.55,5930560.77,2598961.04,1343126.21
71.18,2260819,3138532.46,5677619.65,8453768.57,8590270.63,5930534.05,2598948.06,1343120.59
71.19,2260804.93,3138517.45,5677594.96,8453735.59,8590236.71,5930507.32,2598935.09,1343114.96
71.2,2260790.87,3138502.45,5677570.26,8453702.61,8590202.8,5930480.59,2598922.12,1343109.33
71.21,2260776.8,3138487.44,5677545.57,8453669.64,8590168.88,5930453.87,2598909.15,1343103.71
71.22,2260762.73,3138472.44,5677520.87,8453636.66,8590134.97,5930427.14,2598896.17,1343098.08
71.23,2260748.67,3138457.43,5677496.18,8453603.68,8590101.05,5930400.41,2598883.2,1343092.45
71.24,2260734.6,3138442.43,5677471.49,8453570.7,8590067.13,5930373.69,2598870.23,1343086.83
71.25,2260720.53,3138427.43,5677446.79,8453537.72,8590033.22,5930346.96,2598857.26,1343081.2
71.26,2260706.47,3138412.42,5677422.1,8453504.74,8589999.3,5930320.24,2598844.28,1343075.57
71.27,2260653.89,3138356.34,5677329.8,8453381.49,8589872.54,5930220.35,2598795.8,1343054.55
71.28,2260601.32,3138300.27,5677237.51,8453258.24,8589745.79,5930120.46,2598747.32,1343033.52
71.29,2260548.75,3138244.19,5677145.22,8453134.99,8589619.03,5930020.58,2598698.83,1343012.49
71.3,2260496.18,3138188.11,5677052.92,8453011.74,8589492.27,5929920.69,2598650.35,1342991.46
71.31,2260374.08,3138057.87,5676838.57,8452725.47,8589197.87,5929688.69,2598537.75,1342942.62
71.32,2260224.84,3137898.69,5676576.57,8452375.6,8588838.04,5929405.14,2598400.12,1342882.92
71.33,2260075.6,3137739.5,5676314.58,8452025.72,8588478.22,5929121.59,2598262.49,1342823.23
71.34,2259972.31,3137629.32,5676133.24,8451783.55,8588229.17,5928925.34,2598167.23,1342781.91
71.35,2259869.02,3137519.14,5675951.9,8451541.39,8587980.11,5928729.08,2598071.97,1342740.59
71.36,2259765.72,3137408.96,5675770.57,8451299.22,8587731.06,5928532.82,2597976.71,1342699.28
71.37,2259662.43,3137298.78,5675589.23,8451057.05,8587482.01,5928336.56,2597881.45,1342657.96
71.38,2259477.89,3137101.94,5675265.25,8450624.4,8587037.06,5927985.93,2597711.26,1342584.14
71.39,2259293.34,3136905.09,5674941.28,8450191.76,8586592.11,5927635.3,2597541.07,1342510.33
71.4,2259108.8,3136708.25,5674617.31,8449759.11,8586147.16,5927284.67,2597370.88,1342436.51
71.41,2258924.26,3136511.4,5674293.34,8449326.46,8585702.21,5926934.05,2597200.69,1342362.69
71.42,2258543.15,3136104.89,5673624.28,8448432.98,8584783.31,5926209.94,2596849.23,1342210.25
71.43,2258162.05,3135698.37,5672955.22,8447539.49,8583864.42,5925485.83,2596497.76,1342057.81
71.44,2257827.13,3135341.13,5672367.26,8446754.29,8583056.9,5924849.49,2596188.89,1341923.84
71.45,2257492.21,3134983.88,5671779.29,8445969.1,8582249.37,5924213.15,2595880.02,1341789.87
71.46,2257157.29,3134626.64,5671191.33,8445183.9,8581441.85,5923576.81,2595571.16,1341655.9
71.47,2256738.1,3134179.49,5670455.4,8444201.12,8580431.12,5922780.33,2595184.56,1341488.23
71.48,2256318.9,3133732.35,5669719.48,8443218.34,8579420.39,5921983.86,2594797.97,1341320.55
71.49,2255899.7,3133285.21,5668983.56,8442235.55,8578409.66,5921187.38,2594411.38,1341152.87
71.5,2255685.1,3133056.3,5668606.81,8441732.42,8577892.22,5920779.64,2594213.47,1341067.03
71.51,2255470.49,3132827.38,5668230.05,8441229.3,8577374.79,5920371.89,2594015.55,1340981.18
71.52,2255255.89,3132598.47,5667853.3,8440726.17,8576857.35,5919964.14,2593817.64,1340895.34
71.53,2255023.61,3132350.7,5667445.52,8440181.59,8576297.29,5919522.8,2593603.42,1340802.43
71.54,2254791.32,3132102.94,5667037.73,8439637.02,8575737.23,5919081.46,2593389.21,1340709.52
71.55,2254559.04,3131855.17,5666629.95,8439092.44,8575177.17,5918640.13,2593174.99,1340616.6
71.56,2254432.97,3131720.69,5666408.63,8438796.88,8574873.21,5918400.6,2593058.73,1340566.18
71.57,2254306.9,3131586.22,5666187.31,8438501.32,8574569.24,5918161.07,2592942.46,1340515.75
71.58,2254180.84,3131451.75,5665965.99,8438205.76,8574265.28,5917921.54,2592826.2,1340465.32
71.59,2253602.28,3130725.41,5664863.19,8436538.64,8572450.38,5916459.54,2592283.54,1340280.7
71.6,2253023.73,3129999.08,5663760.4,8434871.52,8570635.47,5914997.55,2591740.89,1340096.09
71.61,2252445.17,3129272.74,5662657.61,8433204.4,8568820.57,5913535.56,2591198.23,1339911.47
71.62,2251932.92,3128726.33,5661758.31,8432003.44,8567585.46,5912562.27,2590725.82,1339706.57
71.63,2251420.66,3128179.93,5660859.02,8430802.49,8566350.36,5911588.99,2590253.4,1339501.67
71.64,2250908.41,3127633.52,5659959.73,8429601.53,8565115.25,5910615.7,2589780.99,1339296.76
71.65,2250296.13,3126980.43,5658884.84,8428166.08,8563638.98,5909452.38,2589216.33,1339051.85
71.66,2249683.85,3126327.33,5657809.95,8426730.63,8562162.71,5908289.05,2588651.68,1338806.94
71.67,2249071.57,3125674.23,5656735.07,8425295.18,8560686.44,5907125.72,2588087.02,1338562.03
71.68,2248151.49,3124692.81,5655119.8,8423138.09,8558468.01,5905377.56,2587238.5,1338194
71.69,2247231.4,3123711.38,5653504.54,8420981,8556249.58,5903629.39,2586389.97,1337825.96
71.7,2246311.31,3122729.96,5651889.28,8418823.91,8554031.15,5901881.23,2585541.45,1337457.93
71.71,2245706.38,3122084.69,5650827.27,8417405.66,8552572.58,5900731.85,2584983.56,1337215.95
71.72,2245101.44,3121439.42,5649765.27,8415987.42,8551114.01,5899582.47,2584425.68,1336973.98
71.73,2244496.5,3120794.16,5648703.27,8414569.18,8549655.44,5898433.08,2583867.79,1336732
71.74,2244219.76,3120498.96,5648217.43,8413920.37,8548988.18,5897907.27,2583612.57,1336621.31
71.75,2243943.01,3120203.77,5647731.59,8413271.56,8548320.92,5897381.46,2583357.35,1336510.61
71.76,2243666.27,3119908.58,5647245.76,8412622.75,8547653.66,5896855.64,2583102.13,1336399.91
71.77,2243415.31,3119640.88,5646805.18,8412034.38,8547048.56,5896378.82,2582870.69,1336299.53
71.78,2243164.34,3119373.19,5646364.6,8411446.01,8546443.46,5895901.99,2582639.24,1336199.14
71.79,2242913.38,3119105.49,5645924.02,8410857.64,8545838.36,5895425.16,2582407.8,1336098.75
71.8,2242627.63,3118800.69,5645422.36,8410187.71,8545149.37,5894882.22,2582144.27,1335984.45
71.81,2242341.87,3118495.89,5644920.7,8409517.77,8544460.39,5894339.29,2581880.74,1335870.15
71.82,2242056.12,3118191.08,5644419.05,8408847.84,8543771.4,5893796.36,2581617.21,1335755.85
71.83,2241505.48,3117603.74,5643452.37,8407556.9,8542443.76,5892750.15,2581109.41,1335535.6
71.84,2240954.85,3117016.39,5642485.7,8406265.97,8541116.12,5891703.94,2580601.6,1335315.34
71.85,2240404.21,3116429.05,5641519.03,8404975.04,8539788.48,5890657.74,2580093.79,1335095.09
71.86,2240051.18,3116052.48,5640899.27,8404147.37,8538937.28,5889986.97,2579768.22,1334953.87
71.87,2239698.15,3115675.91,5640279.5,8403319.71,8538086.08,5889316.21,2579442.64,1334812.66
71.88,2239345.12,3115299.35,5639659.73,8402492.04,8537234.88,5888645.45,2579117.07,1334671.45
71.89,2239041.56,3114975.56,5639126.83,8401780.38,8536502.98,5888068.7,2578837.13,1334550.03
71.9,2238738.01,3114651.77,5638593.92,8401068.72,8535771.08,5887491.95,2578557.18,1334428.61
71.91,2238434.46,3114327.98,5638061.02,8400357.06,8535039.18,5886915.21,2578277.24,1334307.19
71.92,2238154.2,3114029.04,5637569.02,8399700.02,8534363.46,5886382.72,2578018.78,1334195.08
71.93,2237873.95,3113730.1,5637077.01,8399042.97,8533687.73,5885850.23,2577760.32,1334082.98
71.94,2237593.69,3113431.16,5636585.01,8398385.93,8533012,5885317.75,2577501.87,1333970.88
71.95,2237313.44,3113132.22,5636093.01,8397728.89,8532336.27,5884785.26,2577243.41,1333858.78
71.96,2237163.7,3112972.51,5635830.14,8397377.85,8531975.25,5884500.77,2577105.32,1333798.88
71.97,2237013.97,3112812.79,5635567.28,8397026.8,8531614.23,5884216.28,2576967.23,1333738.99
71.98,2236864.24,3112653.08,5635304.41,8396675.76,8531253.2,5883931.78,2576829.15,1333679.1
71.99,2236864.24,3112653.08,5635304.41,8396675.76,8531253.2,5883931.78,2576829.15,1333679.1
72,2236864.24,3112653.08,5635304.41,8396675.76,8531253.2,5883931.78,2576829.15,1333679.1
72.01,2235843.02,3111563.77,5633511.6,8394281.56,8528790.92,5881991.46,2575887.35,1333270.61
72.02,2235843.02,3111563.77,5633511.6,8394281.56,8528790.92,5881991.46,2575887.35,1333270.61
72.03,2235843.02,3111563.77,5633511.6,8394281.56,8528790.92,5881991.46,2575887.35,1333270.61
72.04,2234872.46,3110528.52,5631807.74,8392006.16,8526450.82,5880147.41,2574992.29,1332882.39
72.05,2234872.46,3110528.52,5631807.74,8392006.16,8526450.82,5880147.41,2574992.29,1332882.39
72.06,2234872.46,3110528.52,5631807.74,8392006.16,8526450.82,5880147.41,2574992.29,1332882.39
72.07,2234233.48,3108969.34,5630510.45,8389981.54,8520346.67,5876476.08,2574403,1332626.79
72.08,2234233.48,3108969.34,5630510.45,8389981.54,8520346.67,5876476.08,2574403,1332626.79
72.09,2234233.48,3108969.34,5630510.45,8389981.54,8520346.67,5876476.08,2574403,1332626.79
72.1,2232175.15,3105767.48,5628129.46,8386801.87,8516550.02,5872144,2573152.23,1332084.29
72.11,2232175.15,3105767.48,5628129.46,8386801.87,8516550.02,5872144,2573152.23,1332084.29
72.12,2232175.15,3105767.48,5628129.46,8386801.87,8516550.02,5872144,2573152.23,1332084.29
72.13,2229396.57,3102803.66,5623251.51,8380287.64,8509850.56,5866864.7,2570589.76,1330972.86
72.14,2229396.57,3102803.66,5623251.51,8380287.64,8509850.56,5866864.7,2570589.76,1330972.86
72.15,2229396.57,3102803.66,5623251.51,8380287.64,8509850.56,5866864.7,2570589.76,1330972.86
72.16,2227246,3100509.72,5619476.07,8375245.75,8504665.3,5862778.62,2568606.46,1330112.63
72.17,2227246,3100509.72,5619476.07,8375245.75,8504665.3,5862778.62,2568606.46,1330112.63
72.18,2227246,3100509.72,5619476.07,8375245.75,8504665.3,5862778.62,2568606.46,1330112.63
72.19,2211337.72,3092258.32,5610484.72,8359733.5,8488033.99,5851508.91,2565266.2,1328663.84
72.2,2211337.72,3092258.32,5610484.72,8359733.5,8488033.99,5851508.91,2565266.2,1328663.84
72.21,2211337.72,3092258.32,5610484.72,8359733.5,8488033.99,5851508.91,2565266.2,1328663.84
72.22,2203297.15,3081399.97,5600347.48,8345680.34,8470636.49,5839917.72,2562707.03,1327553.84
72.23,2203297.15,3081399.97,5600347.48,8345680.34,8470636.49,5839917.72,2562707.03,1327553.84
72.24,2203297.15,3081399.97,5600347.48,8345680.34,8470636.49,5839917.72,2562707.03,1327553.84
72.25,2200544.34,3078463.64,5595514.77,8339226.54,8463999.16,5834687.39,2560168.33,1326452.72
72.26,2200544.34,3078463.64,5595514.77,8339226.54,8463999.16,5834687.39,2560168.33,1326452.72
72.27,2200544.34,3078463.64,5595514.77,8339226.54,8463999.16,5834687.39,2560168.33,1326452.72
72.28,2198019.16,3075770.12,5591081.68,8333306.4,8457910.68,5829889.55,2557839.55,1325442.65
72.29,2198019.16,3075770.12,5591081.68,8333306.4,8457910.68,5829889.55,2557839.55,1325442.65
72.3,2198019.16,3075770.12,5591081.68,8333306.4,8457910.68,5829889.55,2557839.55,1325442.65
72.31,2195355.31,3072928.67,5586405.14,8327061.15,8451487.84,5824828.23,2555382.89,1324377.11
72.32,2195355.31,3072928.67,5586405.14,8327061.15,8451487.84,5824828.23,2555382.89,1324377.11
72.33,2195355.31,3072928.67,5586405.14,8327061.15,8451487.84,5824828.23,2555382.89,1324377.11
72.34,2187531.57,3059727.33,5574620.34,8310103.47,8423184.92,5806277.23,2551229.49,1322651.76
72.35,2187531.57,3059727.33,5574620.34,8310103.47,8423184.92,5806277.23,2551229.49,1322651.76
72.36,2187531.57,3059727.33,5574620.34,8310103.47,8423184.92,5806277.23,2551229.49,1322651.76
72.37,2179612.78,3052392.24,5564248.34,8298013,8408167.77,5793513.27,2547163.95,1320888.39
72.38,2179612.78,3052392.24,5564248.34,8298013,8408167.77,5793513.27,2547163.95,1320888.39
72.39,2179612.78,3052392.24,5564248.34,8298013,8408167.77,5793513.27,2547163.95,1320888.39
72.4,2175348.95,3047844.16,5556762.95,8288016.69,8397887.21,5785412,2543231.75,1319182.86
72.41,2175348.95,3047844.16,5556762.95,8288016.69,8397887.21,5785412,2543231.75,1319182.86
72.42,2175348.95,3047844.16,5556762.95,8288016.69,8397887.21,5785412,2543231.75,1319182.86
72.43,2170914.74,3043114.33,5548978.45,8277620.92,8387195.83,5776987,2539142.42,1317409.18
72.44,2170914.74,3043114.33,5548978.45,8277620.92,8387195.83,5776987,2539142.42,1317409.18
72.45,2170914.74,3043114.33,5548978.45,8277620.92,8387195.83,5776987,2539142.42,1317409.18
72.46,2166906.7,3038839.09,5541942.12,8268224.31,8377532.01,5769371.73,2535446.13,1315805.96
72.47,2166906.7,3038839.09,5541942.12,8268224.31,8377532.01,5769371.73,2535446.13,1315805.96
72.48,2166906.7,3038839.09,5541942.12,8268224.31,8377532.01,5769371.73,2535446.13,1315805.96
72.49,2162828.06,3034488.54,5534781.83,8258662.15,8367697.95,5761622.31,2531684.71,1314174.51
72.5,2162828.06,3034488.54,5534781.83,8258662.15,8367697.95,5761622.31,2531684.71,1314174.51
72.51,2162828.06,3034488.54,5534781.83,8258662.15,8367697.95,5761622.31,2531684.71,1314174.51
72.52,2158422.14,3029788.89,5527046.99,8248332.72,8357074.78,5753251.06,2527621.47,1312412.14
72.53,2158422.14,3029788.89,5527046.99,8248332.72,8357074.78,5753251.06,2527621.47,1312412.14
72.54,2158422.14,3029788.89,5527046.99,8248332.72,8357074.78,5753251.06,2527621.47,1312412.14
72.55,2153920.86,3024987.53,5519144.75,8237779.72,8346221.71,5744698.63,2523470.29,1310611.63
72.56,2153920.86,3024987.53,5519144.75,8237779.72,8346221.71,5744698.63,2523470.29,1310611.63
72.57,2153920.86,3024987.53,5519144.75,8237779.72,8346221.71,5744698.63,2523470.29,1310611.63
72.58,2145125.79,3015438.32,5503586.87,8216490.9,8324323.4,5727068,2514634.08,1305855.35
72.59,2145125.79,3015438.32,5503586.87,8216490.9,8324323.4,5727068,2514634.08,1305855.35
72.6,2145125.79,3015438.32,5503586.87,8216490.9,8324323.4,5727068,2514634.08,1305855.35
72.61,2145125.79,3015438.32,5503586.87,8216490.9,8324323.4,5727068,2514634.08,1305855.35
72.62,2142037.49,3012144.13,5498165.17,8209250.54,8316877.15,5721200.21,2511785.98,1304620.03
72.63,2142037.48,3012144.13,5498165.17,8209250.54,8316877.15,5721200.21,2511785.98,1304620.03
72.64,2142037.48,3012144.13,5498165.17,8209250.54,8316877.15,5721200.21,2511785.98,1304620.03
72.65,2139615.5,3009560.68,5493913.24,8203572.33,8311037.47,5716598.44,2509552.37,1303651.24
72.66,2139615.5,3009560.68,5493913.24,8203572.33,8311037.47,5716598.44,2509552.37,1303651.24
72.67,2139615.5,3009560.68,5493913.24,8203572.33,8311037.47,5716598.44,2509552.37,1303651.24
72.68,2136452.88,3006187.22,5488361.09,8196157.75,8303412.05,5710589.47,2506635.73,1302386.19
72.69,2136452.88,3006187.22,5488361.09,8196157.75,8303412.05,5710589.47,2506635.73,1302386.19
72.7,2136452.88,3006187.22,5488361.09,8196157.75,8303412.05,5710589.47,2506635.73,1302386.19
72.71,2134432,3004031.61,5484813.31,8191419.89,8298539.47,5706749.78,2504772.03,1301577.84
72.72,2134432,3004031.61,5484813.31,8191419.89,8298539.47,5706749.78,2504772.03,1301577.84
72.73,2134432,3004031.61,5484813.31,8191419.89,8298539.47,5706749.78,2504772.03,1301577.84
72.74,2131824.37,3001250.13,5479884.43,8184955.41,8291550.11,5701093.21,2502367.21,1300534.78
72.75,2131824.36,3001250.13,5479884.43,8184955.41,8291550.11,5701093.21,2502367.21,1300534.78
72.76,2131824.36,3001250.13,5479884.43,8184955.41,8291550.11,5701093.21,2502367.21,1300534.78
72.77,2129728.12,2999014.13,5476204.35,8180040.87,8286495.82,5697110.33,2500434,1299696.28
72.78,2129728.12,2999014.13,5476204.35,8180040.87,8286495.82,5697110.33,2500434,1299696.28
72.79,2129728.12,2999014.13,5476204.35,8180040.87,8286495.82,5697110.33,2500434,1299696.28
72.8,2126574.23,2995588.82,5470624.64,8172402.81,8278639.06,5690782.61,2497261.09,1297983.4
72.81,2125456.8,2994556.04,5469015.53,8170230.83,8276130.48,5689052.66,2496489.56,1297648.76
72.82,2125456.8,2994556.04,5469015.53,8170230.83,8276130.48,5689052.66,2496489.56,1297648.76
72.83,2123320.59,2983647.25,5442282.87,8127128.32,8233231.58,5664133.15,2488825.14,1296873.28
72.84,2123320.59,2983647.25,5442282.87,8127128.32,8233231.58,5664133.15,2488825.14,1296873.28
72.85,2123320.59,2983647.25,5442282.87,8127128.32,8233231.58,5664133.15,2488825.14,1296873.28
72.86,2119639.81,2964939.64,5396635.54,8053889.06,8160978.93,5621388.92,2475292.58,1295251.82
72.87,2119639.81,2964939.64,5396635.54,8053889.06,8160978.93,5621388.92,2475292.58,1295251.82
72.88,2119639.81,2964939.64,5396635.54,8053889.06,8160978.93,5621388.92,2475292.58,1295251.82
72.89,2115816.43,2946079.92,5350737.85,7980315.47,8088382.43,5578373.73,2461628.51,1293573.31
72.9,2115816.43,2946079.92,5350737.85,7980315.47,8088382.43,5578373.73,2461628.51,1293573.31
72.91,2115816.43,2946079.92,5350737.85,7980315.47,8088382.43,5578373.73,2461628.51,1293573.31
72.92,2112488.74,2927748.93,5305710.36,7907903.98,8016981.08,5536300.34,2448421.56,1292093.07
72.93,2112488.74,2927748.93,5305710.36,7907903.98,8016981.08,5536300.34,2448421.56,1292093.07
72.94,2112488.74,2927748.93,5305710.36,7907903.98,8016981.08,5536300.34,2448421.56,1292093.07
72.95,2107681.5,2907839.76,5258085.44,7832023.78,7942012.38,5491415.82,2433850.15,1290021.02
72.96,2107681.5,2907839.76,5258085.44,7832023.78,7942012.38,5491415.82,2433850.15,1290021.02
72.97,2107681.5,2907839.76,5258085.44,7832023.78,7942012.38,5491415.82,2433850.15,1290021.02
72.98,2103051.34,2888891.76,5211567.1,7757799.08,7867728.09,5447991.09,2420413.26,1288441.05
72.99,2103051.34,2888891.76,5211567.1,7757799.08,7867728.09,5447991.09,2420413.26,1288441.05
73,2103051.34,2888891.76,5211567.1,7757799.08,7867728.09,5447991.09,2420413.26,1288441.05
73.01,2100389.84,2871271.38,5167709.15,7686949.44,7797933.01,5407183.47,2407820.69,1287227.29
73.02,2100389.84,2871271.38,5167709.15,7686949.44,7797933.01,5407183.47,2407820.69,1287227.29
73.03,2100389.84,2871271.38,5167709.15,7686949.44,7797933.01,5407183.47,2407820.69,1287227.29
73.04,2097391.94,2853292.17,5123260.64,7615311.14,7727326.83,5365736.69,2394917.89,1285878.97
73.05,2097391.94,2853292.17,5123260.64,7615311.14,7727326.83,5365736.69,2394917.89,1285878.97
73.06,2095352.3,2842247.69,5096168.63,7571763.4,7684382.31,5340410.93,2386954.06,1284973.63
73.07,2094042.62,2835903.44,5080754.26,7547068.39,7660012.33,5325956.98,2382353.09,1284399.83
73.08,2094042.62,2835903.44,5080754.26,7547068.39,7660012.33,5325956.98,2382353.09,1284399.83
73.09,2094042.62,2835903.44,5080754.26,7547068.39,7660012.33,5325956.98,2382353.09,1284399.83
73.1,2091810.85,2821154.73,5044048.35,7487774.78,7601600.77,5291802.7,2371812.02,1283382.32
73.11,2091810.85,2821154.73,5044048.35,7487774.78,7601600.77,5291802.7,2371812.02,1283382.32
73.12,2091810.85,2821154.73,5044048.35,7487774.78,7601600.77,5291802.7,2371812.02,1283382.32
73.13,2088631.21,2804341.85,5004976.35,7423626.17,7538271.03,5254092.29,2360396.82,1281985.66
73.14,2088631.21,2804341.85,5004976.35,7423626.17,7538271.03,5254092.29,2360396.82,1281985.66
73.15,2088631.21,2804341.85,5004976.35,7423626.17,7538271.03,5254092.29,2360396.82,1281985.66
73.16,2086414.72,2789609.44,4968297.28,7364368.4,7479896.34,5219967.06,2349869.85,1280974.26
73.17,2086414.72,2789609.44,4968297.28,7364368.4,7479896.34,5219967.06,2349869.85,1280974.26
73.18,2086414.72,2789609.44,4968297.28,7364368.4,7479896.34,5219967.06,2349869.85,1280974.26
73.19,2080664.13,2770879.93,4925254.47,7295918.12,7412062.18,5177880.23,2335100.85,1276871.13
73.2,2080664.13,2770879.93,4925254.47,7295918.12,7412062.18,5177880.23,2335100.85,1276871.13
73.21,2079152.65,2763083.61,4906207.04,7265343.88,7381902.59,5160051.48,2329465.5,1276204.13
73.22,2077045.42,2743167.11,4855667.81,7183173.1,7301063.96,5113313.58,2315403.76,1275182.95
73.23,2077045.42,2743167.11,4855667.81,7183173.1,7301063.96,5113313.58,2315403.76,1275182.95
73.24,2077045.42,2743167.11,4855667.81,7183173.1,7301063.96,5113313.58,2315403.76,1275182.95
73.25,2077045.42,2743167.11,4855667.81,7183173.1,7301063.96,5113313.58,2315403.76,1275182.95
73.26,2070719.61,2700995.68,4750822.28,7013537.3,7133939.81,5015352.91,2284960.07,1271658.96
73.27,2070719.61,2700995.68,4750822.28,7013537.3,7133939.81,5015352.91,2284960.07,1271658.96
73.28,2070719.61,2700995.68,4750822.28,7013537.3,7133939.81,5015352.91,2284960.07,1271658.96
73.29,2065691.45,2660294.73,4648315.36,6847288.09,6970300.66,4920331.1,2256086.21,1269291.11
73.3,2065691.45,2660294.73,4648315.36,6847288.09,6970300.66,4920331.1,2256086.21,1269291.11
73.31,2065691.45,2660294.73,4648315.36,6847288.09,6970300.66,4920331.1,2256086.21,1269291.11
73.32,2055727.93,2616505.84,4544726.56,6679367.47,6804731.28,4827586.56,2228488.07,1267476.58
73.33,2055727.93,2616505.84,4544726.56,6679367.47,6804731.28,4827586.56,2228488.07,1267476.58
73.34,2055727.93,2616505.84,4544726.56,6679367.47,6804731.28,4827586.56,2228488.07,1267476.58
73.35,2045638.4,2569986.67,4433040.04,6499579.26,6627157.87,4720648.53,2193133.79,1259989.1
73.36,2044086.85,2554196.65,4392844.33,6434157.35,6562810.63,4683513.27,2182008.21,1259225.84
73.37,2044086.85,2554196.65,4392844.33,6434157.35,6562810.63,4683513.27,2182008.21,1259225.84
73.38,2042751.6,2550694.55,4384991.87,6421944.65,6550682.09,4675950.77,2179351.7,1258670.78
73.39,2042751.6,2550694.55,4384991.87,6421944.65,6550682.09,4675950.77,2179351.7,1258670.78
73.4,2042751.6,2550694.55,4384991.87,6421944.65,6550682.09,4675950.77,2179351.7,1258670.78
73.41,2018870.81,2520661.34,4339386.08,6355548.56,6475550.24,4619399.06,2153640.5,1241894.2
73.42,2018870.81,2520661.34,4339386.08,6355548.56,6475550.24,4619399.06,2153640.5,1241894.2
73.43,2018870.81,2520661.34,4339386.08,6355548.56,6475550.24,4619399.06,2153640.5,1241894.2
73.44,2013689.38,2511503.59,4320991.52,6327594.52,6447516.26,4600258.43,2145761.66,1238548.43
73.45,2013689.38,2511503.59,4320991.52,6327594.52,6447516.26,4600258.43,2145761.66,1238548.43
73.46,2013689.38,2511503.59,4320991.52,6327594.52,6447516.26,4600258.43,2145761.66,1238548.43
73.47,2010455.49,2504591.03,4306133.65,6304875.69,6424870.48,4585738.16,2140404.1,1237219.94
73.48,2010455.49,2504591.03,4306133.65,6304875.69,6424870.48,4585738.16,2140404.1,1237219.94
73.49,2010455.49,2504591.03,4306133.65,6304875.69,6424870.48,4585738.16,2140404.1,1237219.94
73.5,1987303.58,2477824.66,4260060.03,6238629.4,6358355.55,4542914,2121381.47,1227236.52
73.51,1985587.71,2474609.17,4253375.48,6228551.78,6348278.99,4536303.5,2118848.98,1226536.2
73.52,1985587.71,2474609.17,4253375.48,6228551.78,6348278.99,4536303.5,2118848.98,1226536.2
73.53,1983121.7,2471978.76,4249046.27,6222770.35,6342333.16,4531618.08,2116574.77,1225549.8
73.54,1983121.7,2471978.76,4249046.27,6222770.35,6342333.16,4531618.08,2116574.77,1225549.8
73.55,1983121.7,2471978.76,4249046.27,6222770.35,6342333.16,4531618.08,2116574.77,1225549.8
73.56,1938759.98,2428433.9,4180850.81,6127031.27,6245823.37,4473696.33,2089246.51,1208654.5
73.57,1938759.98,2428433.9,4180850.81,6127031.27,6245823.37,4473696.33,2089246.51,1208654.5
73.58,1938759.98,2428433.9,4180850.81,6127031.27,6245823.37,4473696.33,2089246.51,1208654.5
73.59,1936901.77,2426451.8,4177588.62,6122674.79,6241343.02,4470165.73,2087532.82,1207911.21
73.6,1936901.77,2426451.8,4177588.62,6122674.79,6241343.02,4470165.73,2087532.82,1207911.21
73.61,1936901.77,2426451.8,4177588.62,6122674.79,6241343.02,4470165.73,2087532.82,1207911.21
73.62,1933776.1,2423117.76,4172101.33,6115346.84,6233806.68,4464226.96,2084650.26,1206660.95
73.63,1933776.1,2423117.76,4172101.33,6115346.84,6233806.68,4464226.96,2084650.26,1206660.95
73.64,1933776.1,2423117.76,4172101.33,6115346.84,6233806.68,4464226.96,2084650.26,1206660.95
73.65,1897719.06,2382153.43,4107045.87,6020827.95,6136538.68,4381992.59,2040578.01,1173764.17
73.66,1892411.65,2376980.06,4098774.25,6009230.69,6124084.33,4374764.41,2037238.16,1171874.1
73.67,1892411.65,2376980.06,4098774.25,6009230.69,6124084.33,4374764.41,2037238.16,1171874.1
73.68,1878744.51,2338803.83,4011645.31,5871039.42,5985869.3,4295632.8,2011296.05,1166701.06
73.69,1878744.51,2338803.83,4011645.31,5871039.42,5985869.3,4295632.8,2011296.05,1166701.06
73.7,1878744.51,2338803.83,4011645.31,5871039.42,5985869.3,4295632.8,2011296.05,1166701.06
73.71,1843115.14,2263479.28,3854165.14,5625021.74,5740187.89,4131695.53,1945568.19,1136916.59
73.72,1843115.14,2263479.28,3854165.14,5625021.74,5740187.89,4131695.53,1945568.19,1136916.59
73.73,1843115.14,2263479.28,3854165.14,5625021.74,5740187.89,4131695.53,1945568.19,1136916.59
73.74,1826297.31,2210034.89,3730843.15,5430463.04,5547430.13,4013353.36,1905096.43,1128594.63
73.75,1826297.31,2210034.89,3730843.15,5430463.04,5547430.13,4013353.36,1905096.43,1128594.63
73.76,1826297.31,2210034.89,3730843.15,5430463.04,5547430.13,4013353.36,1905096.43,1128594.63
73.77,1814211.96,2161806.28,3615946.96,5247668.65,5366775.33,3904922.9,1869714.28,1123403.91
73.78,1814211.96,2161806.28,3615946.96,5247668.65,5366775.33,3904922.9,1869714.28,1123403.91
73.79,1814211.96,2161806.28,3615946.96,5247668.65,5366775.33,3904922.9,1869714.28,1123403.91
73.8,1781491.96,2090080.2,3463782.74,5010565.86,5130231.35,3749132.78,1808875.05,1098985
73.81,1768320.46,2069723.5,3424690.71,4951238.79,5071317.69,3714134.8,1795608.45,1094119.54
73.82,1768320.46,2069723.5,3424690.71,4951238.79,5071317.69,3714134.8,1795608.45,1094119.54
73.83,1716147.74,1998738.73,3295453.98,4758382.9,4879325,3599049.2,1749801.66,1074962.88
73.84,1716147.74,1998738.73,3295453.98,4758382.9,4879325,3599049.2,1749801.66,1074962.88
73.85,1716147.74,1998738.73,3295453.98,4758382.9,4879325,3599049.2,1749801.66,1074962.88
73.86,1695429.3,1955093.21,3202300.21,4613218.46,4732225.05,3506088.28,1714523.68,1066328.8
73.87,1695429.3,1955093.21,3202300.21,4613218.46,4732225.05,3506088.28,1714523.68,1066328.8
73.88,1695429.3,1955093.21,3202300.21,4613218.46,4732225.05,3506088.28,1714523.68,1066328.8
73.89,1695429.3,1955093.21,3202300.21,4613218.46,4732225.05,3506088.28,1714523.68,1066328.8
73.9,1676493.71,1911374.33,3107779.24,4466225.76,4585808.34,3411532.56,1678923.48,1054453.14
73.91,1676493.71,1911374.33,3107779.24,4466225.76,4585808.34,3411532.56,1678923.48,1054453.14
73.92,1676493.71,1911374.33,3107779.24,4466225.76,4585808.34,3411532.56,1678923.48,1054453.14
73.93,1656953.57,1866778.11,3013644.55,4321552.12,4439207.28,3318887,1646268.64,1046966.97
73.94,1656953.57,1866778.11,3013644.55,4321552.12,4439207.28,3318887,1646268.64,1046966.97
73.95,1656953.57,1866778.11,3013644.55,4321552.12,4439207.28,3318887,1646268.64,1046966.97
73.96,1573011.82,1745703.16,2795561.75,3993137.73,4105482.66,3069024.28,1528509.7,973985.36
73.97,1573011.82,1745703.16,2795561.75,3993137.73,4105482.66,3069024.28,1528509.7,973985.36
73.98,1573011.82,1745703.16,2795561.75,3993137.73,4105482.66,3069024.28,1528509.7,973985.36
73.99,1564395.88,1726181.84,2754984.49,3931075.7,4043325.51,3027997.88,1513230.12,970442.71
74,1564395.88,1726181.84,2754984.49,3931075.7,4043325.51,3027997.88,1513230.12,970442.71
74.01,1564395.88,1726181.84,2754984.49,3931075.7,4043325.51,3027997.88,1513230.12,970442.71
74.02,1478855.36,1622175.25,2581350.54,3677306.17,3786014.45,2846537.59,1427538.56,916426.56
74.03,1478855.36,1622175.25,2581350.54,3677306.17,3786014.45,2846537.59,1427538.56,916426.56
74.04,1478855.36,1622175.25,2581350.54,3677306.17,3786014.45,2846537.59,1427538.56,916426.56
74.05,1458167.54,1589526.39,2521038.41,3585572.77,3692545.37,2784777.37,1402351.35,907929.53
74.06,1458167.54,1589526.39,2521038.41,3585572.77,3692545.37,2784777.37,1402351.35,907929.53
74.07,1458167.54,1589526.39,2521038.41,3585572.77,3692545.37,2784777.37,1402351.35,907929.53
74.08,1445045.09,1565021.45,2472362.39,3511410.56,3618485.52,2735467.98,1384097.93,901380.05
74.09,1445045.09,1565021.45,2472362.39,3511410.56,3618485.52,2735467.98,1384097.93,901380.05
74.1,1445045.09,1565021.45,2472362.39,3511410.56,3618485.52,2735467.98,1384097.93,901380.05
74.11,1420520.96,1524973.85,2399436.12,3405019.56,3511668.48,2659050.18,1350830.23,887864.5
74.12,1420520.96,1524973.85,2399436.12,3405019.56,3511668.48,2659050.18,1350830.23,887864.5
74.13,1420520.96,1524973.85,2399436.12,3405019.56,3511668.48,2659050.18,1350830.23,887864.5
74.14,1400982.27,1501535.39,2358688.44,3347027.61,3451773.3,2616639.9,1331122.48,880996.98
74.15,1400982.27,1501535.39,2358688.44,3347027.61,3451773.3,2616639.9,1331122.48,880996.98
74.16,1400982.27,1501535.39,2358688.44,3347027.61,3451773.3,2616639.9,1331122.48,880996.98
74.17,1376907.78,1471715.13,2307515,3271775.65,3372188.23,2559720.6,1304284.01,866234.27
74.18,1376907.78,1471715.13,2307515,3271775.65,3372188.23,2559720.6,1304284.01,866234.27
74.19,1376907.78,1471715.13,2307515,3271775.65,3372188.23,2559720.6,1304284.01,866234.27
74.2,1280774.61,1372122.88,2146969.3,3045756.14,3144625.95,2412723.79,1234864.69,824103.26
74.21,1280774.61,1372122.88,2146969.3,3045756.14,3144625.95,2412723.79,1234864.69,824103.26
74.22,1280774.61,1372122.88,2146969.3,3045756.14,3144625.95,2412723.79,1234864.69,824103.26
74.23,1268749.39,1355832.9,2116677.74,3002426.5,3100783.27,2381499.98,1221399.56,819258.23
74.24,1268749.39,1355832.9,2116677.74,3002426.5,3100783.27,2381499.97,1221399.56,819258.23
74.25,1268749.39,1355832.9,2116677.74,3002426.5,3100783.27,2381499.97,1221399.56,819258.23
74.26,1116193.72,1178987.07,1832205.24,2587126.74,2674131.88,2024840.21,1032277.59,679561.95
74.27,1116193.72,1178987.07,1832205.24,2587126.74,2674131.88,2024840.21,1032277.59,679561.95
74.28,1116193.72,1178987.07,1832205.24,2587126.74,2674131.88,2024840.21,1032277.59,679561.95
74.29,1085851.3,1144920.86,1784738.96,2518091.98,2599360.24,1976831.76,1011536.53,667747.71
74.3,1085851.3,1144920.86,1784738.96,2518091.98,2599360.24,1976831.76,1011536.53,667747.71
74.31,1085851.3,1144920.86,1784738.96,2518091.98,2599360.24,1976831.76,1011536.53,667747.71
74.32,949189.77,994200.78,1547156.33,2175626.82,2244545.78,1686577.95,860407.97,557365.76
74.33,949189.77,994200.78,1547156.33,2175626.82,2244545.78,1686577.95,860407.97,557365.76
74.34,949189.77,994200.78,1547156.33,2175626.82,2244545.78,1686577.95,860407.97,557365.76
74.35,910781.4,951912.48,1478803.22,2080318.19,2146494.61,1606368.23,819284.79,532266.33
74.36,910781.4,951912.48,1478803.22,2080318.19,2146494.61,1606368.23,819284.79,532266.33
74.37,910781.4,951912.48,1478803.22,2080318.19,2146494.61,1606368.23,819284.79,532266.33
74.38,790569.55,835749.54,1299122.03,1834228.85,1896259.59,1449908.36,746067.65,488895.53
74.39,790569.55,835749.54,1299122.03,1834228.85,1896259.59,1449908.36,746067.65,488895.53
74.4,790569.55,835749.54,1299122.03,1834228.85,1896259.59,1449908.36,746067.65,488895.53
74.41,599113.16,661534.96,1033360.55,1462848.21,1517331.6,1206099.68,627253.84,419154.64
74.42,599113.16,661534.96,1033360.55,1462848.21,1517331.6,1206099.68,627253.84,419154.64
74.43,599113.16,661534.96,1033360.55,1462848.21,1517331.6,1206099.68,627253.84,419154.64
74.44,542763.53,602178.56,944094.8,1337935.87,1389074.7,1119289.82,585629.75,396323.69
74.45,542763.53,602178.56,944094.8,1337935.87,1389074.7,1119289.82,585629.75,396323.69
74.46,542763.53,602178.56,944094.8,1337935.87,1389074.7,1119289.82,585629.75,396323.69
74.47,520545.02,578267.84,904941.04,1285004.34,1334632.84,1075917.95,564227.57,385879.49
74.48,520545.02,578267.84,904941.04,1285004.34,1334632.84,1075917.95,564227.57,385879.49
74.49,520545.02,578267.84,904941.04,1285004.34,1334632.84,1075917.95,564227.57,385879.49
74.5,486644.13,540524.57,844316.71,1199214.5,1246364.69,1002830.78,526124.88,360642.69
74.51,486644.13,540524.57,844316.71,1199214.49,1246364.69,1002830.78,526124.88,360642.69
74.52,486644.13,540524.57,844316.71,1199214.49,1246364.69,1002830.78,526124.88,360642.69
74.53,486644.13,540524.57,844316.71,1199214.49,1246364.69,1002830.78,526124.88,360642.69
74.54,465912.33,517458.52,810582.11,1154946.76,1194942.69,963751.93,509445.32,352804.63
74.55,465912.33,517458.52,810582.11,1154946.76,1194942.69,963751.93,509445.32,352804.63
74.56,465912.33,517458.52,810582.11,1154946.76,1194942.69,963751.93,509445.32,352804.63
74.57,292753.25,320949.3,498313.81,701895.79,728719.35,570019.09,298729.64,196419.34
74.58,292753.25,320949.3,498313.81,701895.79,728719.35,570019.09,298729.64,196419.34
74.59,292753.25,320949.3,498313.81,701895.79,728719.35,570019.09,298729.64,196419.34
74.6,274353.95,298713.75,463904.66,654645.61,679997.59,531598.33,279059.23,185344.88
74.61,274353.95,298713.75,463904.66,654645.61,679997.59,531598.33,279059.23,185344.88
74.62,274353.95,298713.75,463904.66,654645.61,679997.59,531598.33,279059.23,185344.88
74.63,138447.62,144598.12,218972.12,299733.52,314432.3,223402.85,114230.5,63437.68
74.64,138447.62,144598.12,218972.12,299733.52,314432.3,223402.85,114230.5,63437.68
74.65,138447.62,144598.12,218972.12,299733.52,314432.3,223402.85,114230.5,63437.68
74.66,121897.57,126909.77,190448.16,260316.77,274066.23,192147.62,98554.03,54367.55
74.67,121897.57,126909.77,190448.16,260316.77,274066.23,192147.62,98554.03,54367.55
74.68,121897.57,126909.77,190448.16,260316.77,274066.23,192147.62,98554.03,54367.55
74.69,116671.49,121335.29,181273.48,248064.52,261465.57,182218.06,93734.43,52277.11
74.7,116671.49,121335.29,181273.48,248064.52,261465.57,182218.06,93734.43,52277.11
74.71,116671.49,121335.29,181273.48,248064.52,261465.57,182218.06,93734.43,52277.11
74.72,92208.73,97797.7,149078.75,206918.33,210099.72,141334.05,74229.25,42381.58
74.73,92208.73,97797.7,149078.75,206918.33,210099.72,141334.05,74229.25,42381.58
74.74,92208.73,97797.7,149078.75,206918.33,210099.72,141334.05,74229.25,42381.58
74.75,86421.57,91470.52,138810.95,192735.6,195509.91,129492.97,68225.74,38928.76
74.76,86421.57,91470.52,138810.95,192735.6,195509.91,129492.97,68225.74,38928.76
74.77,86421.57,91470.52,138810.95,192735.6,195509.91,129492.97,68225.74,38928.76
74.78,66716.29,70111.96,104950.52,144349.11,146040.85,90858.77,48126.01,24704.55
74.79,66716.29,70111.96,104950.52,144349.11,146040.85,90858.77,48126.01,24704.55
74.8,66716.29,70111.96,104950.52,144349.11,146040.85,90858.77,48126.01,24704.55
74.81,63683.4,66876.88,99626.12,137238.68,138728.23,85096.3,45329.02,23491.4
74.82,63683.4,66876.88,99626.12,137238.68,138728.23,85096.3,45329.02,23491.4
74.83,63683.4,66876.88,99626.12,137238.68,138728.23,85096.3,45329.02,23491.4
74.84,37715.94,37110.58,58474.2,80745.87,81241.59,50739.53,23924.49,13985.29
74.85,37715.94,37110.58,58474.2,80745.87,81241.59,50739.53,23924.49,13985.29
74.86,37715.94,37110.58,58474.2,80745.87,81241.59,50739.53,23924.49,13985.29
74.87,35824.71,35093.26,55154.04,76311.99,76681.63,47146.2,22180.35,13228.79
74.88,35824.71,35093.26,55154.04,76311.99,76681.63,47146.2,22180.35,13228.79
74.89,35824.71,35093.26,55154.04,76311.99,76681.63,47146.2,22180.35,13228.79
74.9,35029.02,34244.52,53757.15,74446.52,74763.12,45634.37,21446.54,12910.52
74.91,35029.02,34244.52,53757.15,74446.52,74763.12,45634.37,21446.54,12910.52
74.92,35029.02,34244.52,53757.15,74446.52,74763.12,45634.37,21446.54,12910.52
74.93,33636.22,32758.87,51312.02,71181.18,71404.93,42988.06,20162.07,12353.4
74.94,33636.22,32758.87,51312.02,71181.18,71404.93,42988.06,20162.07,12353.4
74.95,33636.22,32758.87,51312.02,71181.18,71404.93,42988.06,20162.07,12353.4
74.96,33060.42,32144.68,50301.17,69831.25,70016.61,41894.04,19631.06,12123.08
74.97,33060.42,32144.68,50301.17,69831.25,70016.61,41894.04,19631.06,12123.08
74.98,33060.42,32144.68,50301.17,69831.25,70016.61,41894.04,19631.06,12123.08
74.99,32545.06,31594.96,49396.42,68623.01,68774.01,40914.85,19155.78,11916.93
75,32545.06,31594.96,49396.42,68623.01,68774.01,40914.85,19155.78,11916.93
75.01,32545.06,31594.96,49396.42,68623.01,68774.01,40914.85,19155.78,11916.93
75.02,32166.95,31191.65,48732.64,67736.57,67862.36,40196.45,18807.08,11765.69
75.03,32166.95,31191.65,48732.64,67736.57,67862.36,40196.45,18807.08,11765.69
75.04,32166.95,31191.65,48732.64,67736.57,67862.36,40196.45,18807.08,11765.69
75.05,31295.33,30261.92,47202.45,65693.09,65760.78,38540.36,18003.25,11417.04
75.06,31295.33,30261.92,47202.45,65693.09,65760.78,38540.36,18003.25,11417.04
75.07,31295.33,30261.92,47202.45,65693.09,65760.78,38540.36,18003.25,11417.04
75.08,31295.33,30261.92,47202.45,65693.09,65760.78,38540.36,18003.25,11417.04
75.09,30900.29,29840.55,46508.94,64766.95,64808.3,37789.8,17638.94,11259.03
75.1,30900.29,29840.55,46508.94,64766.95,64808.3,37789.8,17638.94,11259.03
75.11,30900.29,29840.55,46508.94,64766.95,64808.3,37789.8,17638.94,11259.03
75.12,30746.64,29676.65,46239.19,64406.72,64437.82,37497.85,17497.24,11197.56
75.13,30746.64,29676.65,46239.19,64406.72,64437.82,37497.85,17497.24,11197.56
75.14,28035.31,27330.52,42833.5,59393.64,59597.26,36007.46,16896.94,10305.72
75.15,23053.15,22562.18,35441.23,49056.73,49281.47,30202.49,14202.43,8505.55
75.16,23053.15,22562.18,35441.23,49056.73,49281.47,30202.49,14202.43,8505.55
75.17,23053.15,22562.18,35441.23,49056.73,49281.47,30202.49,14202.43,8505.55
75.18,17078.99,16891.69,26694.36,36777.98,37058.65,23558.75,11135.97,6363.63
75.19,17078.99,16891.69,26694.36,36777.98,37058.65,23558.75,11135.97,6363.63
75.2,17078.99,16891.69,26694.36,36777.98,37058.65,23558.75,11135.97,6363.63
75.21,17078.99,16891.69,26694.36,36777.98,37058.65,23558.75,11135.97,6363.63
75.22,17078.99,16891.69,26694.36,36777.98,37058.65,23558.75,11135.97,6363.63
75.23,17840.22,17781.67,28224.21,38754.58,39136.46,25528.12,12109.45,6695.65
75.24,16837.26,16833.17,26764.39,36701.76,37095.28,24436.08,11606.76,6337.29
75.25,16837.26,16833.17,26764.39,36701.76,37095.28,24436.08,11606.76,6337.29
75.26,15625.44,15965.18,25690.21,34905.62,35493.12,24981.15,11967.07,6002.43
75.27,15625.44,15965.18,25690.21,34905.62,35493.12,24981.15,11967.07,6002.43
75.28,15625.44,15965.18,25690.21,34905.62,35493.12,24981.15,11967.07,6002.43
75.29,15625.44,15965.18,25690.21,34905.62,35493.12,24981.15,11967.07,6002.43
75.3,15625.44,15965.18,25690.21,34905.62,35493.12,24981.15,11967.07,6002.43
75.31,15625.44,15965.18,25690.21,34905.62,35493.12,24981.15,11967.07,6002.43
75.32,15625.44,15965.18,25690.21,34905.62,35493.12,24981.15,11967.07,6002.43
75.33,15625.44,15965.18,25690.21,34905.62,35493.12,24981.15,11967.07,6002.43
75.34,20532,21900.8,36045.07,48136.14,49504.94,39010.8,18935.07,8212.8
75.35,20532,21900.8,36045.07,48136.14,49504.94,39010.8,18935.07,8212.8
75.36,23450.96,40962.76,83448.58,124690.13,124924.28,83130.01,32565.43,9541.32
75.37,23450.96,40962.76,83448.58,124690.13,124924.28,83130.01,32565.43,9541.32
75.38,23450.96,40962.76,83448.58,124690.13,124924.28,83130.01,32565.43,9541.32
75.39,26542.54,82536.62,190345.94,299243.79,296493.85,181579.67,61668.82,11164.19
75.4,26542.54,82536.62,190345.94,299243.79,296493.85,181579.67,61668.82,11164.19
75.41,26542.54,82536.62,190345.94,299243.79,296493.85,181579.67,61668.82,11164.19
75.42,28259.36,106695.66,252550.69,400863.73,396367.29,238844.11,78565.93,12076.22
75.43,29186.37,120443.19,288001.41,458805.59,453307.55,271463.98,88171.59,12575.77
75.44,29923.92,130798.96,314663.7,502361.13,496114.72,296009.24,95414.84,12967.35
75.45,29923.92,130798.96,314663.7,502361.13,496114.72,296009.24,95414.84,12967.35
75.46,34737.28,158260.97,382304.59,611240.72,603454.24,359157.08,115167.64,15118
75.47,34737.28,158260.97,382304.59,611240.72,603454.24,359157.08,115167.64,15118
75.48,38624.74,176952.54,427687.82,683930.79,675191.21,401722.02,128728.61,16819.75
75.49,38624.74,176952.54,427687.82,683930.79,675191.21,401722.02,128728.61,16819.75
75.5,38624.74,176952.54,427687.82,683930.79,675191.21,401722.02,128728.61,16819.75
75.51,47704.14,210878.81,507891.48,811177.16,801022.42,477604.13,153728.26,20696.13
75.52,47704.14,210878.81,507891.48,811177.16,801022.42,477604.13,153728.26,20696.13
75.53,51432.95,229401.15,552996.18,883495.28,872376.85,519867.61,167142.91,22334.42
75.54,58393.8,251371,603774.89,963390.73,951524.07,568271.97,183538.22,25265.53
75.55,58393.8,251371,603774.89,963390.73,951524.07,568271.97,183538.22,25265.53
75.56,58393.8,251371,603774.89,963390.73,951524.07,568271.97,183538.22,25265.53
75.57,66483.45,276969.05,662961.71,1056528.61,1043786.95,624684.17,202637.17,28672.62
75.58,66483.45,276969.05,662961.71,1056528.61,1043786.95,624684.17,202637.17,28672.62
75.59,88316.05,322074.59,759127.92,1203078.15,1189973.58,718934.26,237735.48,37625.82
75.6,88316.05,322074.59,759127.92,1203078.15,1189973.58,718934.26,237735.48,37625.82
75.61,107250.83,356816.63,830927.54,1311045.81,1297991.29,790089.09,265173.41,45346.5
75.62,107250.83,356816.63,830927.54,1311045.81,1297991.29,790089.09,265173.41,45346.5
75.63,125431.1,376208.91,862844,1353668.44,1341825.93,824631.59,281939.65,52618.61
75.64,125431.1,376208.91,862844,1353668.44,1341825.93,824631.59,281939.65,52618.61
75.65,125431.1,376208.91,862844,1353668.44,1341825.93,824631.59,281939.65,52618.61
75.66,137320.3,388890.73,883716.16,1381542.02,1370492.12,847221.08,292904.14,57374.29
75.67,137320.3,388890.73,883716.16,1381542.02,1370492.12,847221.08,292904.14,57374.29
75.68,137320.3,388890.73,883716.16,1381542.02,1370492.12,847221.08,292904.14,57374.29
75.69,177457.46,431703.7,954179.17,1475641.35,1467267.27,923481.68,329919.52,73429.15
75.7,177457.46,431703.7,954179.17,1475641.35,1467267.27,923481.68,329919.52,73429.15
75.71,195737.68,451202.6,986271.11,1518498.31,1511342.91,958214.1,346777.94,80741.24
75.72,195737.68,451202.6,986271.11,1518498.31,1511342.91,958214.1,346777.94,80741.24
75.73,195737.68,451202.6,986271.11,1518498.31,1511342.91,958214.1,346777.94,80741.24
75.74,195737.68,451202.6,986271.11,1518498.31,1511342.91,958214.1,346777.94,80741.24
75.75,214888.01,471629.62,1019890.58,1563395.19,1557516.48,994599.72,364438.8,88401.37
75.76,214888.01,471629.62,1019890.58,1563395.19,1557516.48,994599.72,364438.8,88401.37
75.77,214888.01,471629.62,1019890.58,1563395.19,1557516.48,994599.72,364438.8,88401.37
75.78,237944.44,496223.14,1060367.43,1617449.72,1613108.1,1038406.94,385701.96,97623.95
75.79,237944.44,496223.15,1060367.43,1617449.72,1613108.1,1038406.94,385701.96,97623.95
75.8,237944.44,496223.15,1060367.43,1617449.72,1613108.1,1038406.94,385701.96,97623.95
75.81,253594.19,512916.21,1087841.42,1654139.68,1650841.38,1068141.46,400134.5,103883.84
75.82,253594.19,512916.21,1087841.42,1654139.68,1650841.38,1068141.46,400134.5,103883.84
75.83,253594.19,512916.21,1087841.42,1654139.68,1650841.38,1068141.46,400134.5,103883.84
75.84,263578.8,523566.46,1105369.97,1677548.05,1674915.39,1087112.23,409342.53,107877.69
75.85,263578.8,523566.46,1105369.97,1677548.05,1674915.39,1087112.23,409342.53,107877.69
75.86,263578.8,523566.46,1105369.97,1677548.05,1674915.39,1087112.23,409342.53,107877.69
75.87,278464.09,539444.11,1131501.93,1712445.79,1710805.49,1115394.28,423070.08,113831.81
75.88,278464.09,539444.11,1131501.93,1712445.79,1710805.49,1115394.28,423070.08,113831.81
75.89,302870.13,565477.21,1174348.08,1769664.39,1769651.15,1161765.75,445577.87,123594.22
75.9,302870.13,565477.21,1174348.08,1769664.39,1769651.15,1161765.75,445577.87,123594.22
75.91,302870.13,565477.21,1174348.08,1769664.39,1769651.15,1161765.75,445577.87,123594.22
75.92,302870.13,565477.21,1174348.08,1769664.39,1769651.15,1161765.75,445577.87,123594.22
75.93,352944.08,618889.43,1262255.69,1887059.99,1890385.02,1256906.26,491757.18,143623.8
75.94,352944.08,618889.43,1262255.69,1887059.99,1890385.02,1256906.26,491757.18,143623.8
75.95,352944.08,618889.43,1262255.69,1887059.99,1890385.02,1256906.26,491757.18,143623.8
75.96,380097.48,647853.05,1309924.99,1950719.62,1955854.87,1308497.72,516798.65,154485.16
75.97,380097.48,647853.05,1309924.99,1950719.62,1955854.88,1308497.72,516798.65,154485.16
75.98,415598.8,685721.13,1372249.52,2033950.49,2041452.49,1375950.22,549538.75,168685.69
75.99,415598.8,685721.13,1372249.52,2033950.49,2041452.49,1375950.22,549538.75,168685.69
76,415598.8,685721.13,1372249.52,2033950.49,2041452.49,1375950.22,549538.75,168685.69
76.01,415598.8,685721.13,1372249.52,2033950.49,2041452.49,1375950.22,549538.75,168685.69
76.02,415598.8,685721.13,1372249.52,2033950.49,2041452.49,1375950.22,549538.75,168685.69
76.03,440367.85,712141.45,1415732.97,2092020.16,2101173.44,1423011.42,572381.33,178593.31
76.04,453094.05,725716.06,1438074.51,2121856.01,2131857.71,1447191.19,584117.7,183683.79
76.05,453094.05,725716.06,1438074.51,2121856.01,2131857.71,1447191.19,584117.7,183683.79
76.06,453094.05,725716.06,1438074.51,2121856.01,2131857.71,1447191.19,584117.7,183683.79
76.07,453094.05,725716.06,1438074.51,2121856.01,2131857.71,1447191.19,584117.7,183683.79
76.08,458610.58,731600.36,1447759.1,2134789.23,2145158.69,1457672.61,589205.18,185890.4
76.09,458610.58,731600.36,1447759.1,2134789.23,2145158.69,1457672.61,589205.18,185890.4
76.1,458610.58,731600.36,1447759.1,2134789.23,2145158.69,1457672.61,589205.18,185890.4
76.11,458610.58,731600.36,1447759.1,2134789.23,2145158.69,1457672.61,589205.18,185890.4
76.12,458610.58,731600.36,1447759.1,2134789.23,2145158.69,1457672.61,589205.18,185890.4
76.13,458610.58,731600.36,1447759.1,2134789.23,2145158.69,1457672.61,589205.18,185890.4
76.14,459152.88,732178.81,1448711.12,2136060.6,2146466.22,1458702.97,589705.29,186107.32