"ID","Seed","wetIndicatorThreshold","wetConfidenceThreshold","C1","C1+","P1","C2","P2","dryLevelThreshold","dryFlowAdjustment","Coastal Impacts: Upstream Buildings Impacted (#)","Coastal Impacts: Downstream Buildings Impacted (#)","Commercial Navigation: Ontario + Seaway + Montreal Transportation Costs ($)","Hydropower: Moses-Saunders + Niagara Energy Value ($)","Meadow Marsh: Area (ha)","Muskrat Lodge Viability (%)","Recreational Boating: Impact Costs ($)"
0,1,8056.24510405989,168.157069243017,195.306921483603,218.061751329354,1.49199344939972,240.361945808756,1.98690249044056,76.1068865302269,30.0181779406946,62646.4648474576,3890.59322033898,192997442.864407,-2354175697.10801,-12528.0629,-0.493871186440678,16905562.9037288
3,1,6491.00633686227,170.726711675908,194.539678510124,120.466589870514,1.71961355052679,225.117453265104,1.98880097952776,75.0719888502207,27.926758901031,59366.1310338983,3877.67796610169,194456627.745763,-2353196344.46258,-12506.7525444444,-0.481425423728813,16925994.7925424
7,1,7769.97852248505,158.566573206002,134.907559341465,243.723975207942,0.362371177380586,256.389394059751,1.97480881822084,74.607074963163,49.3597126851849,55400.8609661017,3864.52542372881,193768384.711864,-2351692385.40252,-13004.0392444444,-0.441527118644068,17813527.5288136
14,1,7690.24827607129,86.3473490022474,119.470256806843,249.174699051368,0.784015311641297,262.806063087069,1.97204480256891,76.3019033522102,9.37934991616091,65472.2217627119,3898.77966101695,194620770.355932,-2354743605.48488,-11043.9726,-0.487952542372881,15249902.39
27,1,8905.64237059304,168.098172744845,226.621774142665,100.084776897003,1.39749960938609,255.661697259192,1.25296706432779,75.0510597149765,33.9573342678513,62576.5136440678,3887.86440677966,192499532.813559,-2354200960.54164,-10492.2183111111,-0.491062711864407,16176568.0435593
34,1,7645.33754575324,212.441054513315,469.28762771731,241.155484339957,1.82966652757308,281.567713334262,1.78711693657948,76.1930994571721,13.7028945746098,63778.9916949152,3897.40677966102,193980287.576271,-2354246423.8821,-10581.7480777778,-0.508084745762712,15257902.7505085
43,1,7649.46446992078,131.46143468997,125.19399347483,244.023110921239,0.310063323077463,299.371100481713,1.97836140908707,74.6716728870719,41.6145535512645,52743.8199322034,3857.64406779661,194199291.627119,-2350864070.46803,-12501.7548111111,-0.472966101694915,17851210.0815254
51,1,8056.24510405989,120.260869471883,195.306921483603,212.852832731396,1.49199344939972,237.977075608326,1.49608792725394,76.1216007575304,30.0181779406946,64060.9042033898,3893.28813559322,192854351.61017,-2354617056.92283,-11585.0663111111,-0.486303389830508,16126870.480339
52,1,7748.04717948382,168.118954294894,210.128259542391,243.72022165054,0.879959780210379,242.525953491338,1.98995852654401,74.6363735776521,30.0181779406946,62290.8064576271,3886.20338983051,193855644.135593,-2353887835.48824,-12044.9247555556,-0.488428813559322,15959852.2274576
70,1,5796.53170410701,203.503412635089,207.635966978923,196.439983475077,1.77148814550321,295.122038547126,1.40688650878307,75.0244562991745,38.008339003869,54406.5310847458,3855.79661016949,194545868.762712,-2351463043.72147,-10774.2141333333,-0.477154237288136,17009820.1445763
73,1,7698.72131725658,85.893083209147,96.0092480027986,74.5717580603835,0.362232835129899,183.126910154518,1.99262899200416,74.6274083534509,48.5493734859346,62348.2280847458,3899.50847457627,193787239.762712,-2353864444.67352,-13598.0334333333,-0.4834,17878799.879661
74,1,7803.14105993125,148.854915727595,255.369057967523,219.171092196227,1.4857451906802,261.257828772326,1.5140821573972,75.4015572422294,29.0493927493373,59128.3811694915,3874.83050847458,193994894.745763,-2353109390.42237,-11114.5328666667,-0.492918644067797,16140014.6772881
78,1,7698.72131725658,32.7808547830375,96.0092480027986,221.905034875249,0.362232835129899,183.126910154518,1.99421423393073,74.6274083534509,48.5493734859346,58768.6086271187,3884.15254237288,194912306.084746,-2352599741.27707,-13514.7131555556,-0.490971186440678,17874338.8688136
79,1,7707.55120392661,45.0326123496128,96.0092480027986,58.6701408747281,0.362232835129899,262.68286253132,1.99023316324817,74.6274083534509,48.9592195448711,65146.0619661017,3898.5593220339,192724321.084746,-2354888470.35856,-13026.6275444444,-0.486191525423729,16748051.7988136
89,1,7772.82236792276,129.882302631131,131.482687267378,249.001229065238,0.362371177380586,296.067269401174,1.7259906502683,74.6787187853968,49.0821066394172,54098.5053220339,3860.08474576271,193838033.711864,-2351393937.9435,-12512.2825777778,-0.477186440677966,17534244.4108475
93,1,8052.63352608937,177.170048686684,200.194630150942,201.23102739054,1.27625409345624,255.747539665228,1.63674779565464,75.0510597149765,33.5579153441251,62113.557779661,3885.76271186441,191994270.38983,-2353935762.61721,-12007.8613666667,-0.490705084745763,17053782.3025424
95,1,7901.74623893527,224.767576082323,130.670065627725,19.6437006067353,0.307789902743256,296.923114179677,1.95696405308716,74.6509074819666,38.942931566607,59318.5736949152,3883.91525423729,191788918.050847,-2353038498.49443,-12069.1175333333,-0.467928813559322,17734895.6608475
98,1,8905.64237059304,168.098172744845,226.621774142665,179.43341398817,1.39749960938609,244.866947341116,1.60149174931028,75.0510597149765,34.0691863875892,60385.2724237288,3887.47457627119,192603503.881356,-2353624158.14823,-12024.7211222222,-0.48741186440678,17013269.1138983
101,1,7449.8675036366,176.975562499184,206.965302627604,183.106273871973,1.39749960938609,276.606061941874,1.9645429123818,75.0455175365048,23.7189710568329,59279.1619152542,3887.45762711864,194992343.61017,-2353004494.02177,-11731.2871444444,-0.487152542372881,16180613.7325424
104,1,7627.70475986385,32.0262289719585,131.468568544872,25.0236298443284,0.304704723964152,261.730110229018,1.7194153800174,74.6267070720483,49.6180333983955,55721.9748644068,3870.96610169492,192824155.966102,-2352009640.58838,-12145.2396111111,-0.466772881355932,17790124.8898305
107,1,7769.97852248505,165.605237293955,134.907559341465,137.539455175293,0.381204191423413,298.429530855962,1.98639565258305,74.6507465926693,49.3597126851849,54396.3177288136,3863.79661016949,194272849.949153,-2351484910.969,-13019.1492777778,-0.476923728813559,17926728.8527119
109,1,7762.9665500093,190.843265063372,193.910561311393,242.218056039589,0.956832685162908,206.070340509878,1.7835698274301,76.2240891829614,13.9539745935243,60801.0984067797,3881.59322033898,193763665.169492,-2353524242.09119,-11534.7054777778,-0.496971186440678,16153419.6701695
110,1,8014.60081048184,75.1959638612336,134.907559341465,14.4088066332994,0.381204191423413,242.413953800717,1.97471380018661,74.607074963163,49.3597126851849,61001.4325932204,3893.94915254237,191799079.322034,-2353502440.10727,-13033.7226888889,-0.447310169491525,17913781.1420339
136,1,7809.42391081806,79.4018262032997,189.152704862611,248.806020914279,0.862310713868896,263.146674935106,1.43786954719408,76.204154110199,31.4915979637763,52788.4871864407,3848.52542372881,193805727.20339,-2350773409.87089,-11089.6733111111,-0.493003389830509,17826237.5671186
149,1,7649.46446992078,126.331988518669,92.196823584893,244.023110921239,0.310063323077463,299.371100481713,1.9171709646278,74.6716728870719,41.6145535512645,60753.0975254237,3885.83050847458,194565834.050847,-2353352650.94803,-12296.2715222222,-0.464071186440678,16165823.7125424
153,1,8098.9148590206,248.227986723049,226.357716068725,219.163191819891,1.30855567622636,257.901128037631,1.57470265167109,75.0510597149765,33.7241607564471,59248.5037627119,3869.16949152542,192946013.271186,-2353090945.77241,-11688.7101777778,-0.482377966101695,17032841.1323729
156,1,7549.10703900948,75.1959638612336,134.907559341465,14.4088066332994,0.381204191423413,242.413953800717,1.97471380018661,74.607074963163,49.3597126851849,59029.514779661,3888.84745762712,192157641.474576,-2352998590.57205,-13115.9779555556,-0.448672881355932,17974677.8481356
159,1,7763.10892786103,162.06442001275,130.645224441929,243.723975207942,0.374245720298675,299.206891671686,1.7223056905722,74.6787187853968,46.4100423673705,56095.5669491525,3865.13559322034,193831514.169492,-2352029108.56676,-12164.4051,-0.476869491525424,16989439.4037288
166,1,7627.70475986385,152.806529041835,123.168446451804,24.3868804815892,0.326340711485918,261.730110229018,1.72404600003135,74.6734285145486,49.6322485735058,57608.3430847458,3875.20338983051,192305876.779661,-2352612258.68129,-12864.1540555556,-0.471950847457627,17985529.3513559
168,1,7727.34611186888,190.504103001382,193.447241892841,237.50585188883,0.835895482844395,220.224166802585,1.82084347016857,74.6412292969883,47.7208471646773,60851.851661017,3884.01694915254,193973240.169492,-2353419009.1911,-13004.7027666667,-0.489928813559322,16853528.6
169,1,7629.43037860526,35.5780299618591,95.22286790899,39.5663641870143,0.321603057486248,299.081793467171,1.72419173381602,74.6981887576378,48.5423254289443,65449.0716101695,3900.40677966102,191800339.338983,-2354930664.098,-12654.3889333333,-0.477786440677966,17093603.9094915
171,1,7708.5685964788,40.1305086235918,96.0092480027986,58.6701408747281,0.362585427387854,189.210271169131,1.99882129345191,74.6274083534509,49.6457679695615,63967.0442033898,3898.94915254237,192769178.661017,-2354406312.61329,-13672.6511222222,-0.499710169491525,17906010.8155932
179,2,7724.46024686179,163.706948262105,150.238502300612,236.212508206175,1.19180620163488,210.740909248181,1.06095597599466,75.4378840147998,50,52721.1234745763,3856.32203389831,193946180.813559,-2350934168.67875,-11710.5528777778,-0.488776271186441,17979469.8233898
183,2,5929.09359349087,153.743967907115,69.2962407881439,83.4173380527031,0.820923925601966,220.389293229128,1.95110885729565,75.3397385174085,27.0733887701959,57591.1882542373,3870.54237288136,192899518.61017,-2352644580.07569,-12504.3020222222,-0.490654237288136,17911450.5823729
184,2,5559.55802219671,169.797901593178,145.110813306782,0.220678071681267,0.536093013937748,266.709148654925,1.67101342888629,75.470266652807,21.3064561636926,56053.4171016949,3858.59322033898,192927842.38983,-2351956472.09106,-11135.8996666667,-0.483293220338983,17903363.4577966
186,2,8488.1939454501,104.998600324109,213.803504103051,141.800482783265,1.20465030919255,255.236399941953,1.55751694972669,75.0823672814487,24.4367189852419,62657.189338983,3893.76271186441,192778507.457627,-2354351213.42105,-11052.4802222222,-0.498227118644068,16082274.0737288
188,2,5612.82206498219,122.292979067445,143.57552846551,23.3072801844625,0.612203786706278,277.297900822542,1.56065886116306,74.6610022700294,49.7439697071216,64157.8575084746,3893.62711864407,192489363.983051,-2354581790.49297,-11643.5975,-0.490138983050847,16052230.4154237
192,2,9789.07046173942,100.450896528562,175.449316614755,168.862784079196,1.28105211885047,168.199555078255,1.81454048485835,75.3510158408768,33.7044999546761,59328.5618474576,3876.89830508475,193118732.949153,-2353217343.87124,-13027.6256888889,-0.4978,17996356.7828814
195,2,8802.95495853083,227.975320473312,173.501764743232,93.7212204024753,1.38916812204766,172.222416717261,1.89292470693374,76.121833373703,33.8865481562195,60806.9427966102,3886.66101694915,192807895.237288,-2353735079.93779,-13013.5840222222,-0.503372881355932,17930640.3111864
199,2,5572.98711970681,19.5109614915007,233.494336698146,50.704089354422,1.30616884144365,296.13981322778,1.88477826696955,75.1096874230754,9.74898805155358,64009.4933559322,3887.05084745763,194645507.355932,-2354387277.53786,-10523.7727555556,-0.492820338983051,15289111.0662712
202,2,7496.43789189003,180.523355126037,127.766351034352,107.585194856682,1.11363320335169,248.379772206158,1.8289314143774,75.0451815557829,26.6999059993772,62050.6284745763,3871.27118644068,193997691.491525,-2354137332.32697,-12070.5211666667,-0.490435593220339,16165466.2425424
206,2,6197.39854155684,37.1417159745208,156.93966069682,22.0813383379641,0.559044391097964,248.491927286849,1.67116129047793,74.6659009271831,48.6775224400403,55797.0394237288,3865.86440677966,193231486.983051,-2352084154.42312,-12566.3710777778,-0.485754237288136,17644523.7072881
210,2,7531.57351112393,160.873228989446,295.199382838977,186.48335475087,1.31715699468017,225.774421475795,1.99882031962898,75.18394005281,20.9454681388504,56098.4749491526,3868.25423728814,194753361.644068,-2352053705.61712,-12058.3491444444,-0.514606779661017,17059980.5935593
224,2,9488.50098787539,152.225417253483,213.803504103051,141.800482783265,1.20465030919255,218.831704631073,1.89327396030847,75.0860022250664,24.4367189852419,61028.571,3894.76271186441,192820313.508475,-2353884219.75322,-12258.7699111111,-0.498049152542373,16857895.7944068
230,2,7793.42770323373,153.947060834127,181.404161608618,249.557094117733,1.12015525870563,219.996493064352,1.87216937316053,75.3930257613429,27.0733887701959,57741.8486949153,3873.01694915254,193706259.898305,-2352692240.5271,-12307.4615333333,-0.49581186440678,17079630.0657627
240,2,7369.87894895918,53.7550477278119,0.141985652330367,88.637085951001,0.558487935346928,297.3736023561,1.64787081411292,75.852148451686,48.6763003779713,60156.3893220339,3886.47457627119,191801109.169492,-2353391758.84253,-12528.8714111111,-0.496050847457627,17919872.9818644
246,2,7837.77748140917,98.9189188553241,146.220194420318,248.272447240288,0.523573581038399,274.583951659015,1.80802337679834,74.656219806612,48.8835508827337,59235.7657457627,3883.81355932203,193869722.440678,-2352890316.62809,-12660.5511,-0.471422033898305,16867031.7420339
262,2,9173.30472985258,98.8894511447629,148.278262889838,230.607847449405,0.527679940493693,273.892564784827,1.95370063552238,75.0074016380512,17.9058666604654,59143.1699491525,3874.72881355932,191901339,-2352905799.92797,-11586.8240777778,-0.480606779661017,17867233.4125424
264,2,8289.97934919083,126.00601995107,233.599160018751,18.2518806001758,1.30616884144365,296.843006121905,1.88494547420857,75.1096874230754,37.2711128919551,54423.9256271186,3855.33898305085,193952802.457627,-2351607881.85942,-12445.8847,-0.484652542372881,17897525.4276271
273,2,7661.43482564931,40.7056755015407,145.935654798504,164.786859344085,0.551221949866995,270.818739406236,1.57364860627916,74.6566208866125,49.9504887884865,59078.8062542373,3874.76271186441,194963099.491525,-2352792902.04868,-11642.0852333333,-0.47391186440678,16094020.0515254
281,2,5546.79335091006,208.873417509923,67.4357478805524,86.815457869511,0.834468792198413,220.389293229128,1.45120156729855,75.3397385174085,26.6739824539334,59351.9423220339,3875.01694915254,192846454.474576,-2353230863.08682,-11328.0797777778,-0.487166101694915,17050684.4974576
285,2,7110.51854135043,206.642637438765,143.57552846551,22.399259453514,0.580690466257115,230.14900406084,1.58729959295213,74.6610022700294,49.7578316581675,62368.1416610169,3885.27118644068,192637942.762712,-2353999195.47868,-12535.8895111111,-0.477803389830508,16927736.0108475
286,2,7661.43482564931,40.7056755015407,145.935654798504,81.0354807952036,0.424741719016978,270.818739406236,1.57364860627916,74.6566208866125,49.9504887884865,54113.1442372881,3853.52542372881,195369804.423729,-2351323429.38576,-11577.6028444444,-0.461010169491525,17036887.4916949
290,2,8358.95003118994,98.4371496779244,148.923379582405,38.9248420342162,0.529287988534196,258.253044421817,1.95746496084009,74.656219806612,48.7247156438897,62624.9662542373,3898.28813559322,191892425.220339,-2354088879.69627,-13199.5696333333,-0.486510169491525,17825218.4488136
298,2,7640.09859026459,247.494382841395,182.470246055897,246.117113992883,0.826756405317217,271.118811361247,1.9629827446304,76.2679751004202,12.2112425862575,59094.7657288136,3878.81355932203,193879172.271186,-2353074042.67032,-11076.6212333333,-0.507361016949153,16176379.0483051
303,2,7659.48953047146,1.40153082959375,145.935654798504,224.221518310852,0.551071051701664,275.945696571131,1.99128145287772,74.6240711530558,46.6594055803982,57057.6835423729,3873.08474576271,194886309.864407,-2352225343.86414,-12574.8232,-0.470952542372881,16884280.4466102
312,2,7616.45590810376,78.6936264678407,70.9135098214901,151.534179808144,0.611840273970523,194.517690632708,1.54419274989956,74.8191003025287,49.8727158346667,60823.5724237288,3892.94915254237,195314945.491525,-2352885442.89277,-13521.3956222222,-0.467249152542373,17962098.7864407
316,2,7713.32044562256,20.5277991511893,107.224315926455,155.699371796493,0.591544032581644,249.864752779384,1.82034655981387,74.657187678171,46.6594055803982,63872.026,3904.74576271186,195369307.423729,-2354125862.69147,-12552.2926555556,-0.465050847457627,16186471.3998305
319,2,7714.90031033202,14.6988147220301,106.765583561168,224.420016700653,0.547877315539812,249.864752779384,1.99128145287772,74.6566590494532,46.6594055803982,62259.0143220339,3896.81355932203,194881744.40678,-2353547168.93213,-13058.1806444444,-0.491538983050847,16905675.3115254
323,2,7866.31640138208,25.9537880875526,169.53177235531,21.0902251051051,0.751244762376058,179.259607005963,1.86621097356437,74.6563158222297,48.4048255245975,62585.3949322034,3900.96610169492,193214543.220339,-2353972638.81858,-13502.0907555556,-0.501438983050847,17842554.1788136
330,2,7640.09859026459,247.494382841395,218.541469475846,246.117113992883,0.826756405317217,271.118811361247,1.9629827446304,76.2679751004202,12.2112425862575,56058.5004067797,3863.91525423729,193717916.220339,-2351959038.37237,-11005.8313666667,-0.506794915254237,16865048.479661
337,2,7616.45590810376,30.5086577945612,57.2217561366218,152.47816983241,0.611840273970523,194.517690632708,1.63607252019832,74.8276082782501,49.9991182933959,62024.9899491525,3898.67796610169,194972175.118644,-2353235797.17885,-13719.5432444444,-0.463005084745763,17955896.0110169
339,2,7660.96267704077,162.945343694343,150.001530750122,244.035627717581,0.617856098551139,288.634794317586,1.78913532291668,74.6514199863598,49.9751462218431,60517.8661186441,3887.35593220339,194109841.627119,-2353343310.00491,-12217.1826222222,-0.471264406779661,16176057.0920339
344,2,5918.57264015883,20.874297270072,227.287518523192,16.9950029597697,1.30439467501505,203.935906007383,1.86334390166759,75.2971691405915,31.1801142373672,54435.3389152542,3860.72881355932,194852464.983051,-2351569625.0001,-12512.0507,-0.485452542372881,17925808.5237288
347,2,6187.52702329949,25.9537880875526,147.71855965183,21.0902251051051,0.73460219177092,179.238511841917,1.8673777929058,74.656219806612,48.3765853945133,64231.7630508475,3907.28813559322,192356793.016949,-2354495712.72391,-13502.0907555556,-0.504015254237288,17935456.9862712
348,2,8421.86048822986,40.7056755015407,145.935654798504,81.0354807952036,0.424741719016978,270.818739406236,1.57364860627916,74.6566208866125,49.9504887884865,60963.111559322,3887.06779661017,191998990.033898,-2353650891.58364,-11736.3117777778,-0.473930508474576,16876128.4111864
365,2,7667.46222718681,8.97054253891356,143.844707007141,236.072138932645,0.542742341366346,270.818739406236,1.99229691164274,74.6566208866125,49.9255504338856,56054.9506949153,3871.5593220339,194599368.220339,-2351839867.12175,-13093.3970777778,-0.499894915254237,17788351.4271186
367,2,7659.85496093985,40.7056755015407,146.394387163791,209.909843271577,0.429605856909404,270.818739406236,1.57364860627916,74.6571495153303,49.9504887884865,54407.3380169492,3855.33898305085,194462053.576271,-2351431300.55117,-11495.2029555556,-0.479010169491525,16895751.3254237
371,2,5623.84264795202,180.132306539107,158.336527185348,107.407450479883,1.11363320335169,249.190734635967,1.80817183995681,75.0451815557829,26.6999059993772,52683.9262711864,3849.89830508475,194990741.050847,-2350927457.87468,-12043.6390666667,-0.478210169491525,17877375.3574576
377,2,7661.43482564931,218.50482135045,145.935654798504,164.786859344085,0.725811995734883,270.818739406236,1.57364860627916,74.6566208866125,49.9504887884865,65538.8099661017,3907.1186440678,194548813.38983,-2354746846.08395,-11596.0863,-0.47254406779661,15264878.2330508
387,2,8468.7434262363,98.8894511447629,148.278262889838,229.988324483241,0.529055777524353,275.341046005312,1.96022167755168,74.6489925117113,44.6374351216823,64019.9189661017,3899.66101694915,191883710.525424,-2354560473.21507,-12726.0534777778,-0.468086440677966,16982408.4262712
401,3,6965.85508006906,224.484105704931,79.9761248443017,62.0775715735857,0.509270374415113,236.47260319732,1.68026125540032,76.4516619941988,21.9971895393758,56055.5150677966,3856.61016949153,192916567.61017,-2351992346.37888,-11586.8240777778,-0.485938983050847,17958408.268983
410,3,7526.54250792629,75.1706772785394,194.148790299898,34.5272470661035,1.59733634510629,249.462899114587,1.4521418753793,75.1353754814623,41.6760482524239,59381.989661017,3887.57627118644,192969908.271186,-2353366554.71225,-11920.2100888889,-0.488701694915254,17050169.9779661
414,3,7787.60548359278,200.825323245167,183.312488698293,0,0.774732894116986,153.163620561749,1.73585087370862,74.632858261164,49.2907934923957,63113.6891186441,3892.1186440678,192899371.033898,-2354087462.02699,-13503.6807888889,-0.492671186440678,17979929.1955932
423,3,6495.39688975851,174.368925114307,177.035378645736,66.3133782789808,0.869704386490095,265.793057249676,1.87595268678328,74.632858261164,49.2907934923957,57552.4465762712,3868,194802735.694915,-2352393861.26891,-12536.3709666667,-0.465871186440678,17045402.7659322
427,3,7012.23812867984,237.501560067176,87.7439301510762,125.346868995073,1.5939590732277,252.740457539659,1.9699152536036,76.3444586726813,33.1197644197104,61016.4110169492,3882.16949152542,193628085.38983,-2353726952.36716,-12579.2341111111,-0.492945762711864,17028518.3240678
433,3,7656.00946651584,208.389836238701,194.148790299898,34.5272470661035,1.64198402314723,249.462899114587,1.4521418753793,75.1353754814623,41.6760482524239,60911.116559322,3889.94915254237,192868550.135593,-2353793303.11832,-12004.3884333333,-0.493194915254237,16953898.4435593
443,3,7024.19012055108,193.181891970612,425.843151618224,51.6293448426818,1.97683543972053,250.517784166712,1.85373593141645,75.0509676405218,30.5893555936844,56090.4887288136,3868.08474576271,194704844.966102,-2352145893.7695,-12110.6908,-0.494179661016949,17035560.1062712
444,3,7140.94215732925,136.20378917588,280.417416712153,63.790918706461,1.88165632705166,250.820777159898,1.40208321572921,76.4490835859763,46.2941020746846,52779.1875762712,3857.28813559322,194830094.576271,-2350944870.95513,-12047.4663555556,-0.476557627118644,17833083.86
445,3,7472.05050512355,115.574714920338,178.689009485655,75.3726194555342,1.16031017485503,252.380792124878,1.96164891291063,75.2054862311918,17.9194195649439,60986.4265932203,3885.89830508475,194886559.050847,-2353695396.17077,-11593.1599888889,-0.492705084745763,16009010.1818644
456,3,8680.95822861634,44.7995647854356,186.853473248776,24.511785784607,1.05968094715231,250.317152590737,1.8295799231275,75.1808349356382,18.9588500573728,64242.6620338983,3899.47457627119,192796883.694915,-2354834217.4205,-11512.0430888889,-0.506535593220339,16182747.0464407
473,3,6844.31303219039,208.077475929721,219.265435804869,137.385325340539,1.91204631279969,268.427568282895,1.56631396689134,76.2442568726076,30.9170638865132,59399.3358135593,3879.52542372881,194837983.61017,-2353131987.64014,-11252.9318888889,-0.478025423728814,16160265.0005085
474,3,7402.92158482043,243.159085510568,186.853473248776,24.511785784607,1.02593800024369,251.714808551366,1.8295799231275,75.1808349356382,18.9588500573728,60933.1453220339,3878.42372881356,193743899.830508,-2353765927.37828,-11440.4846,-0.489074576271187,16180835.0783051
483,3,7251.00906084838,240.856153597323,445.374493214379,58.1703516969948,1.72895820207805,261.259122227911,1.89218438095229,76.0994949983684,6.53342195062314,64334.5426101695,3908.66101694915,194760100.186441,-2354247323.84618,-10528.8782111111,-0.497642372881356,15270093.1027119
492,3,7777.49336403267,121.115776738412,197.328594310266,81.6116279646781,0.710664567237409,208.741590420639,1.9807448834098,74.6179560924822,47.607025932917,56031.8034745763,3872.42372881356,194557594.101695,-2351889329.9026,-13125.5079333333,-0.474062711864407,17884214.9315254
494,3,7439.82660280167,146.668352378659,97.7690059811701,38.4233569785522,0.249289929575076,266.454303543771,1.59888237274692,74.6776248203858,43.2122648865438,62206.382559322,3897.18644067797,191879923.677966,-2354121555.48295,-11738.8496888889,-0.485449152542373,16665989.6086441
497,3,6823.41450932664,221.026025240083,217.997817410794,49.3922733042187,1.19846324819219,261.879348074389,1.83029466436601,75.164665833817,6.65913761120696,64317.1225762712,3887.25423728814,194652608.508475,-2354454511.39525,-10463.2350888889,-0.492422033898305,15286655.3669492
499,3,7949.91746252633,73.9642082070848,233.675817335366,205.525705440561,1.0346239374894,208.78469876657,1.99944128970409,74.6149652085568,49.5116133458905,63358.899,3899.96610169492,193876456.220339,-2353918154.24271,-13221.6686222222,-0.498445762711864,17051795.4772881
524,3,7493.18790481772,249.501180162178,183.312488698293,14.2783502676141,0.774732894116986,256.147747542071,1.8693872599545,74.632858261164,38.2890809986093,64079.7424915254,3888.8813559322,193497704.898305,-2354584016.18438,-12062.7802444444,-0.491591525423729,16020997.7972881
528,3,7761.3496774262,167.550831402939,174.205547937706,245.551978847728,1.21952376123972,235.792692598436,1.60280633320043,76.1127192631873,40.283407374765,54301.2930338983,3860.20338983051,193895008.423729,-2351481960.75428,-12556.1915555556,-0.487271186440678,17910087.2269492
530,3,7935.91193338502,121.115776738412,197.328594310266,104.832931038652,0.710664567237409,208.741590420639,1.97730862427543,74.6179560924822,47.607025932917,57651.274220339,3870.96610169492,193897323.627119,-2352327684.052,-13292.1484888889,-0.479842372881356,17850614.3455932
533,3,7787.60548359278,200.825323245167,183.312488698293,229.937039951314,0.774732894116986,153.163620561749,1.73585087370862,74.632858261164,49.2907934923957,60938.9285254237,3896.59322033898,193724234.20339,-2353161878.07296,-13503.6807888889,-0.4833,17958161.4969492
536,3,7439.82660280167,3.61528043952195,97.7690059811701,38.4233569785522,0.249289929575076,224.176133244339,1.59888237274692,74.6776248203858,43.2122648865438,59255.8797288136,3881.93220338983,191964950.338983,-2353144683.44248,-12326.4949333333,-0.478377966101695,17469657.0725424
543,3,7605.64682953623,173.955189748379,178.689009485655,22.439337770328,1.04041950393157,251.706250541008,1.82617899731919,75.1802286427925,19.0151320662854,62607.9500508475,3892.18644067797,193400952.186441,-2354360410.67692,-11502.8136333333,-0.49431186440678,16105003.5869492
546,3,7462.34947059928,95.1373923468946,77.4255479440056,76.9902991735765,1.02989006474778,221.649944630688,1.98646480341323,76.4862982543127,28.7570866909622,64262.7381355932,3896.37288135593,192720326.271186,-2354777558.30408,-12569.6994444444,-0.509133898305085,16895651.2484746
554,3,7680.75294526608,147.750472221993,97.7690059811701,30.2877269639372,0.249289929575076,266.454303543771,1.71856934691817,74.6776248203858,43.2122648865438,64990.657,3897.86440677966,191540255.508475,-2354784019.14949,-12521.1221,-0.474949152542373,16917861.0472881
556,3,7353.8362546495,148.463604273573,92.9497512989896,66.6032154757564,0.267571113723021,266.376666259609,1.60073769696809,74.6748259917652,49.3449344394842,57713.4402881356,3866.98305084746,193389301.220339,-2352609635.3695,-12035.3081,-0.455230508474576,16995142.879322
559,3,7205.94810970443,170.8267351466,110.432263579951,58.3859477249037,0.61173974114503,237.310754346613,1.97986419870981,74.6273885467513,47.607025932917,64804.2136779661,3896.49152542373,192724707.491525,-2354671413.61485,-13006.8560444444,-0.493476271186441,17026906.1459322
569,3,7439.82660280167,146.785250737716,97.7690059811701,38.4233569785522,0.249289929575076,224.176133244339,1.59815551247487,74.6776248203858,47.2653668503205,59817.3496101695,3891.45762711864,191910692.694915,-2353329557.31799,-12756.2530111111,-0.482338983050847,17996117.6328814
570,3,7681.89925110943,198.602959581762,97.7690059811701,38.4233569785522,0.223727068869609,266.454303543771,1.44112293816663,74.6666410963239,48.7661201621816,64932.2625762712,3897.37288135593,191918062.881356,-2354753404.52899,-10552.4372666667,-0.491961016949153,16182039.2016949
572,3,7333.49625015874,220.802389883036,121.914311656976,21.9424942188572,0.870916508755955,252.744079254076,1.86200836170994,75.3647216901412,34.033087993808,57701.3143728814,3873.93220338983,192886242.050847,-2352752147.7417,-12523.2297444444,-0.49488813559322,17848658.1044068
574,3,7806.4476141297,61.3377704742322,96.4108915992276,49.8133976477695,0.270684373918689,296.80834568334,1.76748145526127,74.7131503944881,49.9961442944208,60765.4196779661,3891.10169491525,192464644.169492,-2353540448.32575,-13099.4410222222,-0.493315254237288,17919912.5955932
584,3,7729.62085625769,151.789263915687,233.609879008292,43.1578007104925,1.03621605900959,205.730370175597,1.99944128970409,74.6149652085568,47.9706860932045,62031.4250508475,3896.74576271186,194865868.508475,-2353674791.96342,-13028.7166888889,-0.489166101694915,16921369.4064407
596,4,6243.5010143797,0.674899660896401,258.484644838612,50.2114887436964,1.50768379996042,276.512754959852,1.92963660267654,75.0372303164302,29.3112529468835,56058.6356440678,3857.71186440678,194459415.20339,-2352207079.65499,-12130.4195222222,-0.487166101694915,17031203.5544068
604,4,7811.31840218785,68.822384378282,205.405313408495,214.539831048779,0.775665732926554,233.673343734607,1.72539927812972,76.2566577783635,20.1969253297327,52712.7885084746,3850.40677966102,193980632.237288,-2350765273.15613,-11518.0475333333,-0.493001694915254,17902993.8759322
635,4,7576.14254001044,118.692312839418,135.792993633961,235.012521723521,0.505790866434762,265.392670122069,1.9898860337656,74.6069851596558,49.879066824187,57633.2665762712,3870.72881355932,194568003.864407,-2352389827.1252,-12702.2672111111,-0.469445762711864,16931047.1864407
637,4,8099.77135309539,88.0874050595887,158.60100054343,35.9209172394874,0.49443222919815,220.991636167489,1.29790147493775,74.6905437218664,48.3045816216154,59363.0667627119,3879.05084745763,192680939.983051,-2353093082.41971,-11569.383,-0.469579661016949,16944757.2220339
643,4,7510.64732618117,247.754536900132,105.139734924225,235.145759585689,0.284661005317387,251.929817744907,1.99679971729566,74.6334469155605,49.8790724478881,55813.0921016949,3876.20338983051,194204816.949153,-2351765571.23388,-13335.4896888889,-0.474933898305085,17954855.2511864
644,4,7480.49707536424,229.597530001696,167.966537500597,27.9596510874014,0.752407456593619,195.765305730091,1.98600119002283,74.6508577631669,49.3804763432512,61770.3857627119,3899.57627118644,193688530.169492,-2353732569.37735,-13512.0533777778,-0.499140677966102,17778635.6323729
646,4,8049.12553459509,102.355424105738,171.453177598951,89.1034715667142,0.491847310086019,266.584624000981,1.74917657893694,74.6599433578637,49.394469231522,54360.6826779661,3857.47457627119,193376203.847458,-2351425573.29986,-12528.9809222222,-0.468574576271186,17958493.4179661
649,4,7707.31775030761,244.798714211723,210.221428984898,225.830178779203,0.829376299592987,267.072795197321,1.69215212928081,74.64344111838,48.5621622918887,61040.0542881356,3885.06779661017,193893693.118644,-2353461946.05674,-12018.1641111111,-0.472945762711864,16140061.9140678
651,4,9257.67348208119,78.0190537974707,204.271919693889,225.517696508391,0.8652690666452,289.504061776272,1.95629477837502,74.6643519228266,49.9513060824104,62340.362661017,3887.81355932203,193553041.813559,-2353922017.13847,-13005.7548444444,-0.480267796610169,17065790.5801695
652,4,8432.01970312262,98.6770669355002,173.241187711281,166.758905825616,1.07744376743385,264.931985062629,1.93166878457884,75.9649079625699,20.3411735001088,64273.393,3897.49152542373,192810978.576271,-2354885907.54665,-11739.4442222222,-0.503864406779661,16193956.5823729
655,4,7707.31775030761,244.798714211723,210.221428984898,225.830178779203,0.829376299592987,267.072795197321,1.91683388499469,74.64344111838,48.5621622918887,59384.568661017,3880.74576271186,193898461.254237,-2352970927.66327,-12836.3993777778,-0.477052542372881,16877880.0720339
659,4,9169.38523468979,87.473173665123,141.02504454192,225.712071383641,0.400430224393036,178.204642994522,1.17109695395721,74.6704079812333,45.6358743593583,61657.7919661017,3881.94915254237,191793235.711864,-2353809002.69812,-11533.3888111111,-0.473554237288136,17044253.0688136
664,4,7867.79300429016,114.27974732122,247.901642009476,235.243530054268,1.07503587317299,228.826911769594,1.34469781611393,74.6599433578637,49.9988694398068,65634.2786440678,3903.81355932203,193867809.237288,-2354644776.51249,-11119.0926444444,-0.479033898305085,15209825.3049153
674,4,7781.08331040871,153.029261215777,249.743761143437,246.039903951709,1.26886541849165,247.114016225704,1.59267234865108,76.2163601073914,22.1169916490462,59209.8242033898,3877.49152542373,193908229.050847,-2353081152.54449,-11032.0322,-0.499116949152542,16107458.109322
678,4,9301.15259444072,50.6844585939661,190.903371276715,242.222005181583,0.875309347614695,285.722822590815,1.94577051104181,74.6643519228266,49.9654690185827,65432.9755932203,3895.33898305085,192904564.779661,-2354800788.78302,-13028.6903666667,-0.485394915254237,16931153.3279661
684,4,7576.14254001044,121.416569566834,97.5815613166948,235.240152491478,0.50551239558918,272.346322803503,1.99113518733918,74.6069851596558,49.3103947827916,64309.9851186441,3897.25423728814,194998330.372881,-2354196329.21404,-12500.4464111111,-0.476942372881356,16031901.2791525
687,4,8270.57987348783,96.0207766683073,171.46327717315,231.412805235574,0.500558367690204,227.826398081454,1.34694152311246,74.6599433578637,49.4803547394834,57501.9383050848,3866.89830508475,192862228.186441,-2352394390.46537,-11211.4684444444,-0.477277966101695,16969443.3544068
690,4,7533.12971954069,162.825848188444,261.478985193767,129.209836451153,1.64311637069171,298.832390483065,1.69100502917918,76.2390532138633,19.2110660224701,64234.1785762712,3899.61016949153,194884788.949153,-2354413915.06429,-10503.0457666667,-0.476616949152542,15133722.3301695
691,4,9227.48997102666,192.1404222241,141.995195038958,2.7436473270255,0.474329992182622,266.584624000981,1.74901215861896,74.6578001376048,48.2467423536711,64140.266779661,3904.91525423729,191764389.661017,-2354516070.1859,-12538.2068333333,-0.458276271186441,16962572.5511864
696,4,7739.65856242449,113.556531418399,137.808606930501,245.802052189115,0.926976657451766,269.905282947591,1.59110832766248,76.484607238466,33.9645818895089,55707.557559322,3866.72881355932,193984110.966102,-2352015503.96469,-11605.2504555556,-0.486683050847458,17078379.5674576
698,4,9622.37953621281,146.161697291611,141.872983518088,229.432180148141,0.395378361548152,242.551954741253,1.99382161249988,74.6458816237671,41.5230374464541,59329.9118474576,3887.18644067797,191907014.20339,-2353114187.08424,-13009.0493222222,-0.479945762711864,17993335.9488136
701,4,7931.76842870967,146.161697291611,141.872983518088,229.432180148141,0.395378361548152,242.200991770791,1.99382161249988,74.6457807569977,41.5480693150801,57467.1447288136,3874.4406779661,192711820.135593,-2352268699.80735,-13009.0493222222,-0.476242372881356,17979174.1184746
704,4,7594.38270414117,192.1404222241,168.520348471928,241.849419947486,0.484993883923063,266.584624000981,1.74917657893694,74.6599433578637,49.3964910902623,52110.9545084746,3851.77966101695,194090218.932203,-2350659974.79037,-12550.0439111111,-0.484306779661017,17944055.7235593
707,4,7576.14254001044,183.670250586251,192.803280192914,235.145759585689,0.850132037518044,161.176945256386,1.99679971729566,74.6092941070584,49.8790724478881,59702.6317627119,3897.57627118644,194365287.491525,-2352837140.66871,-13520.4442333333,-0.508910169491525,17936089.1127119
714,4,7510.64732618117,244.116927306997,105.139734924225,235.145759585689,0.405566181381924,251.929817744907,1.97985147463154,74.6334469155605,49.7493675480505,59377.9857627119,3880.54237288136,194430485.898305,-2352910546.72889,-13106.2823777778,-0.48698813559322,17091304.7
730,4,8049.12553459509,249.363313810616,168.520348471928,37.1728471450444,0.485267901560686,266.584624000981,1.74917657893694,74.6599433578637,49.4828738496674,55211.7313389831,3861.49152542373,192826886.932203,-2351804379.85456,-12620.4901444444,-0.483676271186441,17936161.929322
740,4,8473.069308332,194.445632876719,168.520348471928,164.35485142901,0.589789371143512,266.547913549517,1.74189281803738,74.6599433578637,49.3964910902623,60992.9228644068,3885.32203389831,192663433.220339,-2353621710.45314,-12507.6638444444,-0.472003389830508,17001175.3527119
741,4,6892.76201306838,162.76078417372,258.909298871218,163.062607152185,1.62439872969782,283.700304650856,1.69398092626071,75.0142898946068,29.3792027527723,54419.1492542373,3858.74576271186,194898208.38983,-2351473542.23317,-11314.4402,-0.488447457627119,17071831.6076271
756,4,8335.86229253343,183.233573056113,178.175709196062,30.5168800599307,0.752407456593619,204.225829373981,1.9834845656013,74.6508577631669,49.3881741021799,62920.0186440678,3892.18644067797,192699550.440678,-2354116052.37032,-13523.2940444444,-0.507266101694915,17878854.199322
762,4,7781.08331040871,155.046708276256,246.940986100846,245.855541971759,1.26466024116622,149.067715713417,1.59202338363282,76.229294083982,22.5798461093992,57680.131220339,3877.50847457627,193904448.033898,-2352623385.64445,-12196.1158555556,-0.497006779661017,17008034.9088136
783,5,7860.90471051585,110.201965577951,104.489096752848,245.748921861834,0.285627313879594,261.508277526931,1.98722954115321,74.6530868845429,49.7063522766365,59986.7618135593,3903,193841080.423729,-2352803003.12236,-13503.5885,-0.479683050847458,17943092.3001695
790,5,8603.30256648881,205.559523912486,178.925871294744,228.240835720562,0.73766360804804,265.927053780799,1.97258190087526,74.7868931850764,18.405674547984,64207.693,3891.84745762712,192733052.677966,-2354785575.89016,-11579.8744222222,-0.498,16122735.3971186
793,5,8642.42090114744,210.596783346475,162.710533117614,166.14493690397,0.593606045497065,262.308215048579,1.99932401449374,74.640787530233,42.1567166968875,62690.126338983,3895.52542372881,192371592.423729,-2354189946.15883,-12670.0648222222,-0.473010169491525,16933975.5469492
800,5,7741.89142493279,140.377142324666,166.732985064748,247.881555049793,0.577357060116143,269.647392095456,1.76714080029337,75.258336890792,18.5115705648693,52744.1383559322,3847.54237288136,193614358.050847,-2350693642.64616,-11178.3716777778,-0.487642372881356,17983576.9011864
806,5,8607.06961271236,69.6061155175252,132.850369460599,227.694374298727,0.765006110555971,264.441411415775,1.99826934319561,76.2471947306973,23.3199684778587,62672.3083559322,3900.76271186441,191974711.254237,-2354334748.11028,-12038.3381333333,-0.495433898305085,17082235.7377966
812,5,7711.95666146812,219.036289192512,164.929254115055,226.185513315031,0.741443181978683,191.476678584126,1.89572215527117,74.6538728972145,41.3527189160294,61691.7022711864,3892.72881355932,193950424.813559,-2353646055.87251,-13010.0858222222,-0.490972881355932,17009607.8133898
813,5,7727.91873762258,19.0489323834655,115.192367934227,220.413082502973,0.887179822568043,258.295370501398,1.57298390738146,75.526086567694,41.5529804206166,52770.7666949152,3852.52542372881,194490874.135593,-2350906934.13165,-12342.6876555556,-0.488718644067797,17959705.670678
814,5,7542.683140649,92.66754992834,106.283708049843,134.544622837005,0.865253476274561,275.289289660819,1.97607607906397,74.8023762559291,49.5684534338208,60413.7106440678,3894.91525423729,194912072.271186,-2352851082.52905,-13528.2266333333,-0.454886440677966,17870995.9364407
820,5,7713.1865818952,13.3155594843709,164.272552017834,240.562666331772,0.56763570469927,269.552309399404,1.90250399356109,74.6662013220858,41.1325755206251,56084.6052372881,3868.8813559322,194237861.338983,-2351953204.92324,-12345.7211333333,-0.471506779661017,17005899.070678
828,5,9144.88998388033,208.489301678257,169.176539985858,206.235176451388,0.947378136903834,140.362520506224,1.07738458858452,74.9432465327499,36.3571853430785,60931.5646949153,3886.69491525424,191916673.847458,-2353547630.8664,-12551.8228888889,-0.488435593220339,17947710.9501695
829,5,8745.43388263449,191.555729296886,168.223645367645,32.5880011153845,0.604069261824902,191.476678584126,1.89002140667251,74.6529240792049,41.3527189160294,60932.2913220339,3881.50847457627,192642632.067797,-2353549314.24729,-13091.7169888889,-0.490564406779661,17685844.4784746
838,5,8103.90104108185,245.846701086463,181.069873556097,249.199350380862,1.02636817609331,211.958454775381,1.99748700544415,74.9402373395421,31.0224640578433,62402.2825254237,3896.13559322034,191913151.508475,-2353926107.03439,-13021.3700111111,-0.495757627118644,17971449.4589831
841,5,8121.23953318527,238.58184870633,548.334683964728,222.014929349827,1.93706930081948,267.331873207553,1.97608686013021,76.1272031192249,19.0252255246775,59378.0261186441,3890.74576271186,194722851.271186,-2353068376.39454,-11530.5181333333,-0.500961016949153,16163115.0408475
842,5,7739.56139989361,124.623612776849,171.497239688604,244.807070669989,0.920188663503208,270.247944702706,1.76986720071068,76.4970349877322,25.6560601306068,56087.1304576271,3868.67796610169,193869736.830508,-2352146315.95195,-11593.9918555556,-0.496149152542373,16932040.7876271
850,5,8310.04038370784,93.6204715044237,93.9987260333988,59.5547244889379,0.77169448811395,253.81532595621,1.05769154274554,76.0583460521406,49.4874189089221,59387.2564915254,3880.79661016949,191973726.711864,-2352935221.10094,-10848.7377888889,-0.484561016949153,17885579.99
856,5,7674.67346698387,42.8973804327886,537.582991035914,225.58968837234,1.93878300998797,251.510812953716,1.92154503844714,76.0634467524682,19.3695377952814,60096.2889152542,3886,193980783.237288,-2353295933.96911,-11681.1786777778,-0.524983050847458,16102625.9766102
862,5,7713.41797409,215.351410460198,166.444672374382,244.663448567437,0.562721759035127,269.526028288886,1.90274513146473,74.6552982067643,43.5955464450534,57246.5008135593,3871.03389830508,193707350.728814,-2352358825.27981,-12596.0817888889,-0.464808474576271,17007891.2879661
865,5,7739.56139989361,134.985333456422,171.497239688604,247.549036573736,0.91864462160853,270.188797242208,1.76986720071068,76.437970049354,18.7449572749005,59356.5430338983,3875.76271186441,193896041.050847,-2353171270.09852,-11052.9356333333,-0.504883050847458,16110393.3730508
872,5,9619.03560514683,192.198657038671,152.147451225288,159.857140392761,0.593606045497065,265.343780943521,1.99931639892392,74.6408158205817,42.1567166968875,65699.5638644068,3907.98305084746,191824759.542373,-2355077404.057,-12659.9036888889,-0.474530508474576,16675147.9310169
876,5,8627.30952639916,26.247121879338,161.34504457792,114.860751942075,0.730068189207164,277.141074326055,1.9664237375307,76.3951109443356,18.187525104493,59228.6683728814,3872.32203389831,192974635.016949,-2353193395.25196,-11569.5436444444,-0.494847457627119,16965654.9484746
883,5,8567.74375636486,222.298133228544,196.736303352821,148.070919269073,0.835476738746408,213.53074389803,1.98031828426011,74.6606005783611,49.8450277442338,61600.6670677966,3889.06779661017,193248171.576271,-2353607552.03857,-13555.6374111111,-0.509349152542373,17974349.5874576
884,5,7715.17916041579,206.439580883773,169.812637602106,244.308113526048,0.765687469236808,271.263370401108,1.5751469658899,74.6552982067643,44.4568482895132,65177.6092372881,3897.47457627119,193871382.305085,-2354639661.40153,-11098.7518444444,-0.485564406779661,15241592.2628814
886,5,8607.06961271236,69.6061155175252,132.850369460599,227.694374298727,0.765006110555971,264.441411415775,1.99826934319561,75.3437213158104,23.3199684778587,63021.1202372882,3898.94915254237,191817445.661017,-2354359371.34811,-12038.3381333333,-0.486916949152542,17098322.7115254
890,5,7783.20021997639,110.201965577951,104.489096752848,88.9567951296821,0.259171499931061,272.908839654526,1.9746337411212,74.6530868845429,49.7063522766365,56023.9812711865,3881.40677966102,194884897.525424,-2351987045.26727,-13100.8653555556,-0.482527118644068,17984864.0894915
894,5,7466.92240272348,210.202231309777,166.522873114344,244.663448567437,0.766289254497536,271.263370401108,1.8962295963645,74.6552982067643,41.3486867462417,60959.8648474576,3888.13559322034,194789395.542373,-2353410780.39898,-12119.6193333333,-0.485954237288136,16043690.1859322
896,5,7715.17916041579,206.439580883773,169.812637602106,244.308113526048,0.756534209099779,271.263370401108,1.89743934062668,74.6552982067643,44.4568482895132,62446.1515084746,3893.76271186441,193803058,-2353960451.48084,-12528.1165888889,-0.489564406779661,16128125.4723729
917,5,8129.61905842741,222.020971698691,130.490175758784,238.152903444414,0.917011647755446,257.400511356053,1.02048942505393,76.1298708140107,49.5576303337558,55427.4163050847,3858.69491525424,192924077.084746,-2351554506.81895,-10557.0694888889,-0.481533898305085,17931196.970339
918,5,7715.17916041579,206.439580883773,169.812637602106,244.308113526048,0.503477621475113,254.939762499635,1.89743934062668,74.6552982067643,44.4568482895132,53231.1843898305,3858.98305084746,193614127.508475,-2351120892.91468,-12797.8611,-0.478357627118644,17947357.8859322
919,5,9801.8743263885,107.710919453861,158.600278478831,9.22064892635023,0.902037264955286,257.258502402074,1.96773172495135,76.3888476122275,23.3199684778587,61023.1336440678,3880.54237288136,192765689.762712,-2353768309.343,-12067.6826888889,-0.496664406779661,16980694.7513559
923,5,9512.7026680637,207.035214172301,161.248358191621,107.961538948822,0.736741299709402,275.381233968062,1.98077096994425,74.9768394776091,18.1193052845522,62695.7841694915,3894.91525423729,191953328.40678,-2354265704.16638,-11704.8624666667,-0.496267796610169,16878452.5649153
934,5,8397.32827081139,206.439580883773,164.284301543694,207.938873892289,0.503477621475113,254.939762499635,1.84712018356599,74.6552982067643,44.4568482895132,57714.7525932203,3868.23728813559,192668617.271186,-2352682900.21271,-12646.2873555556,-0.481269491525424,17590060.6283051
937,5,7711.95666146812,219.266807021628,198.681518115365,242.169017552438,0.74119057794033,180.661410866223,1.89572215527117,74.6410923449562,41.3375762218824,57528.1964576271,3880,193783824.61017,-2352460214.03531,-13079.9097444444,-0.497520338983051,17510291.5767797
941,5,7698.12932507317,126.620660856511,169.812637602106,244.308113526048,0.764897338621926,271.263370401108,1.5751469658899,74.6552982067643,44.4568482895132,64231.210440678,3894.91525423729,194310460.016949,-2354297090.55408,-10843.5989,-0.485654237288136,15231599.5594915
943,5,8251.30478426784,115.435412704347,163.119737445059,210.28559491045,0.690180060340385,244.333649172102,1.62557658684104,74.9368999328472,12.7934424580647,64852.1121525424,3904.66101694915,191939346.084746,-2354861435.94501,-10527.3168888889,-0.488459322033898,16098169.9352542
